,power sector,bus and coach,construction and civil engineering,conductor engineering,land based,construction site,signals,electrification,process engineering maintenance,fabrication and welding,performing engineering operations,mechanical manifacturing,marine engineering,engineering maintenance,engineering tech support,engineering manufacture,automotive engineering,aeronautical engineering,food and drink,electrical power,engineering surveying,building services
0,carry out excavation work on underground cables in the electricity power environment,achieve effective working relationships with colleagues in bus/coach engineering and maintenance,"conform to general workplace health, safety and",commission lightning conductor installation systems,agree how to manage and improve own performance in a business environment,"allocate and monitor the use of plant, equipment or machinery",adjust signalling components and equipment to meet operational requirements,allocate and monitor resources for electrification and plant engineering activities,adjust electrical plant and equipment to meet operational requirements,assembling components using mechanical fasteners,applying surface finishes to yacht and boat wooden assemblies,assembling mechanical products, managing process condition information in downstream operations,applying total productive maintenance (tpm),analysing and interpreting the results of radiographic tests,applying quality function deployment (qfd),assembling and fitting wiring looms to vehicles,applying finishes to aircraft composite mouldings,understand how to apply total productive maintenance (tpm) in food and drink operations ,complying with statutory regulations and organisational safety requirements,"conform to general workplace health, safety and",apply health and safety and environmental legislation in the building services engineering sector legacy
1,developing and maintaining effective customer relationships,assess body damage to buses/coaches,conform to productive work practices,"conform to general workplace health, safety and",apply core land-based engineering principles: calculations,allocate work and check peopleâ€™s performance,adjust telecoms components and equipment to meet operational requirements,assist in preparing resources for electrification and plant engineering activities,adjust instrument and control systems to meet operational requirements,assembling structural steelwork,assembling and testing electronic circuits,assembling non-metallic pipework,applying marine coatings manually,assisting in the installation of electrical/electronic equipment,carrying out condition monitoring of engineering plant and equipment,build teams,assembling commercial and passenger carrying vehicle body sub-assemblies to produce a vehicle,bonding composite mouldings,understand how to assist in the installation of equipment to produce an engineered system in food and drink operations,work with other people,conform to productive work practices,building services systems
2,install underground cables in the electricity power utilities environment,carry out bus/coach servicing,"control, direct and guide the operation of plant or machinery",conform to productive work practices,apply core land-based engineering principles: cooling and lubrication,assess and recommend work methods,allocate and monitor resources for signal engineering activities,assist in preventative and corrective maintenance of traction cabling systems,adjust mechanical plant and equipment to meet operational requirements,bending and forming plate using power operated machines,assembling and testing fluid power systems,assembling screwed pipework,applying marine coatings using spray methods,assisting in the installation of mechanical equipment,carrying out fault diagnosis on engineering plant and equipment,carrying out design of experiments (doe),assembling electrical and electronic equipment to vehicles,"carrying out fault diagnosis on aircraft airframe, mechanical components and systems",understand how to assist in the installation of instrumentation and control equipment used in food and drink operations ,,contribute to preparations for engineering surveying operations,coordinate a work site in the building services engineering sector legacy
3,location and identification of underground utility services in the electricity power utilities,carry out roadside recovery of buses/coaches,"cut, drill and shape construction related materials",erect and remove specialist access equipment,"apply core land-based engineering principles: material preparation, shaping and assembling",co-ordinate preparation for site operations,allocate and monitor resources for telecoms engineering activities,carry out installation of electrification and plant assets,assemble components of electrical process plant and equipment,bending and forming plate using press brakes or bending machines,assembling components using mechanical fasteners,assembling small bore non-ferrous pipework,assembling fabricated components to produce marine sub-assemblies,carrying out condition monitoring of plant and equipment,carrying out health and safety risk assessments on engineering activities,carrying out maintenance activities on electrical equipment,carrying out fault location on electrical equipment and circuits,carrying out fault diagnosis on aircraft avionics components or systems,understand how to carry out condition monitoring of plant and equipment used within food and drink operations,,,establish and maintain relationships in the building services engineering sector legacy
4,maintain compressed air systems and equipment used in food and drink operations,carry out scheduled body maintenance on buses / coaches,erect and dismantle access/working platforms,identify and mark the location of utilities apparatus and sub-structures,apply core land-based engineering principles: mechanical principles,co-ordinate work control,assist in planned maintenance of signalling equipment,carry out installation of electrification and plant equipment and components,assemble components of instrument and control process plant and equipment,bonding engineering materials using adhesives,assembling electrical or electronic components to mechanical equipment,carrying out cnc machine tool programming,assembling ferrous marine pipework by mechanical means,carrying out fault diagnosis on communication-electronic systems,carrying out project management of engineering activities,carrying out maintenance activities on electrical equipment within an engineered system,carrying out fault location on fluid power equipment and circuits,carrying out flight servicing and routine maintenance of aircraft,understand how to carry out fault diagnosis on engineered systems within food and drink operations,,,install and test industrial and commercial heating and ventilating pipework systems
5,using and communicating technical information,carry out scheduled electrical maintenance on buses/coaches,erect and strike proprietary formwork,install lightning conductor systems,apply core land-based engineering principles: servicing and maintenance,contribute to controlling work quantities and costs,assist in planned maintenance of telecoms equipment,carry out maintenance on electrification and plant equipment and components,assess the performance and condition of electrical plant and equipment,complying with statutory regulations and organisational safety requirements,assembling electronic circuits,checking that completed assemblies comply with specification,assembling marine wooden components,carrying out fault diagnosis on electrical equipment and circuits,carrying out radiographic testing activities,carrying out maintenance activities on fluid power equipment,carrying out maintenance activities on electrical equipment,carrying out test bed runs on aircraft engines (uninstalled),understand how to carry out fault diagnosis on instrumentation and control equipment and circuits used in food and drink operations ,,,service and maintain air conditioning and heat pump systems
6,working efficiently and effectively in engineering,carry out scheduled mechanical maintenance on buses/coaches,form and finish excavations manually,"move, handle or store resources",apply core land-based engineering principles: thermal joining processes,contribute to the identification of a work team,assist in the installation of signalling equipment,carry out technical assessment of electrification and plant,assess the performance and condition of instrument and control systems,cutting and shaping materials using cnc water jet cutting machines,assembling engineering woodwork components,complying with statutory regulations and organisational safety requirements,assembling non-ferrous marine pipework,carrying out fault diagnosis on electronic equipment and circuits,carrying out visual inspection of welded fabrications,carrying out maintenance activities on fluid power equipment within an engineered system,carrying out maintenance activities on fluid power equipment,carrying out tests on aircraft control systems,understand how to carry out fault diagnosis on services and systems for food and drink operations,,,
7,working safely in an engineering environment,complete routine assembly of bus/coach body components,identify and mark the location of utilities apparatus and sub-structures,utilise provision of fall protection systems,apply core land-based engineering principles: tools and equipment,control project progress against agreed programmes,assist in the installation of telecoms equipment,contribute to safe working practices in the rail engineering industry,assess the performance and condition of mechanical plant and equipment,cutting and shaping materials using gas cutting machines,assembling fluid power components to mechanical equipment,dismantling mechanical equipment in preparation for overhaul,assembling sub-assemblies and components to produce major marine structural assemblies,carrying out fault diagnosis on engineered systems,checking and calibrating electrical and electronic test equipment,carrying out maintenance activities on instrumentation and control equipment,carrying out modifications or rewiring electrical circuits,carrying out tests on aircraft engines and systems,understand how to carry out preventative planned maintenance on engineered systems within food and drink operations,,,
8,,complete thermal joining of bus/coach components,install drainage,,carry out maintenance and repair of equipment and machinery,control project progress against agreed quality standards,assist with establishing compliance with specifications for signalling equipment,isolate and earth contact systems to meet defined isolation requirements in the rail engineering industry,carry out planned maintenance procedures on electrical plant and equipment,cutting and shaping materials using portable thermal cutting equipment,assembling mechanical components,fitting electrical and electronic components to mechanical assemblies,bending and forming marine pipe using bending machines,carrying out fault diagnosis on fluid power equipment and circuits,checking and calibrating mechanical inspection equipment,carrying out maintenance activities on mechanical equipment,carrying out scheduled maintenance tasks on electrical equipment,carrying out tests on aircraft environmental systems,understand how to carry out preventative planned maintenance on instrumentation and control equipment used in food and drink operations ,,,
9,,conduct inspections of buses/coaches,"install, construct, maintain, dismantle and remove temporary works",,carry out the handover and installation of land-based equipment,control project quantities and costs,assist with tests and checks of telecoms equipment,plan electrification and plant engineering activities,carry out planned maintenance procedures on electrical process plant and equipment,cutting materials using hand operated thermal cutting equipment,"assembling pattern, model and engineering woodwork components",fitting fluid power components to mechanical assemblies,bending and forming marine pipe using hand methods,carrying out fault diagnosis on instrumentation and control equipment and circuits,checking and calibrating process control instrumentation,carrying out maintenance activities on mechanical equipment within an engineered system ,complying with statutory regulations and organisational safety requirements,carrying out tests on aircraft flight guidance and control systems,understand how to comply with statutory regulations and organisational safety requirements in food and drink operations,,,
10,,contribute to safe working practices in bus/coach engineering and maintenance,"install, maintain and remove temporary excavation support",,deliver customer care in land-based engineering,control work against agreed quality standards,carry out installation of signalling assets,prepare to undertake duties in the rail engineering industry,carry out planned maintenance procedures on instrument and control plant and equipment,cutting materials using saws and abrasive discs,assembling pipework components to mechanical equipment,fitting pipework systems to mechanical assemblies,checking marine fabrications for quality and dimensional accuracy,carrying out fault diagnosis on lifts,complying with statutory regulations and organisational safety requirements,carrying out maintenance activities on process controller equipment within an engineered system,diagnosing and rectifying faults in vehicle electrical and electronic systems,carrying out tests on aircraft fuel and storage systems,understand how to hand over and confirm completion of maintenance activities within food and drink operations,,,
11,,diagnose electrical faults in bus/coach systems and components,"install, maintain and remove work area protection and safety equipment",,establish and maintain working relationships with others,control work progress against agreed programmes,carry out installation of telecoms assets,restore the contact systems to operational condition in the rail engineering industry ,carry out planned maintenance procedures on instrument and control systems,cutting plate and sections using shearing machines,assembling structural steelwork,handing over machine tools to production operators,complying with statutory regulations and organisational safety requirements,carrying out fault diagnosis on mechanical equipment,determining engineering requirements for the supply of products or services,carrying out the testing and calibration of instrumentation control equipment and circuits,fitting ancillary units to commercial and passenger carrying vehicles,carrying out tests on aircraft hydraulic systems,understand how to maintain air conditioning and ventilation systems used in food and drink operations  ,,,
12,,diagnose mechanical faults in bus/coach systems and components,lay modular pavement,,handle refrigerants,develop and maintain good working relationships,carry out planned maintenance of signalling assets,transfer responsibility of electrification and plant equipment and components,carry out planned maintenance procedures on mechanical plant and equipment,cutting sheet metal to shape using hand and machine tools,assembling structural sub assemblies to produce a public service vehicle,loading and proving cnc machine tool programs,cutting and shaping materials using portable thermal cutting equipment,carrying out fault diagnosis on services and systems,developing and maintaining effective customer relationships,"commission engineering products, processes or facilities",fitting electrical and electronic components to commercial and passenger carrying vehicles,carrying out tests on aircraft pitot static systems,understand how to maintain compressed air systems and equipment used in food and drink operations,,,
13,,drive the bus/coach for testing and vehicle recovery,lay preformed kerbs and channels,,implement organisational procedures in land-based engineering,enable learning opportunities,carry out planned maintenance of telecoms assets,,contribute to effective working relationships,developing and marking out templates for metalwork,"assembling, wiring and testing electrical panels/components mounted in enclosures",machining components using centre lathes,cutting materials using hand and machine tools,carrying out preventative planned maintenance on electrical equipment,handing over and exchanging responsibility for control of engineering activities,complying with statutory regulations and organisational safety requirements,fitting internal and external trim and fitments to commercial and passenger carrying vehicles,carrying out tests on aircraft power transmission systems,understand how to maintain emergency power generation equipment used in food and drink operations ,,,
14,,establish customer technical requirements for buses/coaches,"lay, place or apply construction related materials",,inspect and test land-based machinery and equipment,ensure that work activities and resources meet project work requirements,carry out removal of components from signalling assets,,contribute to effective working relationships in process engineering maintenance,erecting structural steelwork,assisting in the installation of mechanical equipment,machining components using cnc grinding machines,cutting sheet metal to shape using hand and machine tools,carrying out preventative planned maintenance on engineered systems,implementing engineering activities,"configure engineering products, processes or facilities",fitting pipework systems to commercial and passenger carrying vehicles,complying with statutory regulations and organisational safety requirements,understand how to maintain fluid power equipment within an engineered system used in food and drink operations,,,
15,,"evaluate and develop your own knowledge, understanding and skills in the bus/coach engineering and maintenance environment",locate and excavate to expose buried utility services,,service and maintain engines on land-based equipment legacy,establish and monitor communication systems and organisational procedures,carry out removal of components from telecoms assets,,deal with hazards,forming pipework by machine bending,assisting in the installation of wooden furniture/outfitting units for yachts and boats,machining components using cnc horizontal boring machines,diagnosing faults on marine electrical and electronic equipment and circuits,carrying out preventative planned maintenance on fluid power equipment,implementing quality control systems and procedures in an engineering environment,create engineering designs,joining components for commercial and passenger carrying vehicles using a manual welding process,dismantling aircraft gas turbine engines to module/unit level,understand how to maintain fresh water distribution systems and equipment used in food and drink operations,,,
16,,identify and locate electrical faults in bus/coach systems and components,"move, handle or store resources",,service and overhaul engines on land-based equipment legacy,establish dimensional control criteria,carry out replacement of components from signalling assets,,deal with variations and defects in electrical plant and equipment,forming platework using power rolling machines,bending and forming plate using power operated machines,machining components using cnc laser profiling machines,dismantling and removing marine mechanical equipment,carrying out preventative planned maintenance on instrumentation and control,inspecting and testing electrical products,decide whether to produce or buy in products and/or services,modifying commercial and passenger carrying vehicles,dressing aircraft engines,understand how to maintain gas distribution systems and equipment used in food and drink operations  ,,,
17,,identify and locate mechanical faults in bus/coach systems and components,operate plant or machinery to compact,,service and repair braking systems on land-based equipment,"establish, control and monitor environmental factors and sustainability",carry out replacement of components from telecoms assets,,deal with variations and defects in instrument and control systems,forming sheetmetal using hand and machine tools,carrying out aircraft detail fitting activities,machining components using cnc machining centres,forming marine components using a power press,carrying out preventative planned maintenance on mechanical equipment,inspecting and testing electronic products,deliver products and services to customers,preparing vehicle body surfaces for finishing,drilling and finishing holes in composite and/or metallic aircraft structures or components,understand how to maintain heating and ventilation systems used in food and drink operations,,,
18,,identify bus/coach body damage and recommend suitable repair techniques,operate plant or machinery to receive and transport loads,,service and repair clutches and other transmission controlling devices on land-based equipment,"establish, implement and maintain systems for managing health, safety and welfare",conduct functional testing of newly installed signalling systems,,deal with variations and defects in mechanical plant and equipment,forming structural sections using machines,carrying out fault location on electrical equipment and circuits,machining components using cnc milling machines,forming marine components using power rolling machines,carrying out preventative planned maintenance on services systems and equipment,inspecting components using co-ordinate measuring machines (cmm),determine the requirements for engineering activities,producing commercial and passenger carrying vehicle body sub-assemblies,implementing aeronautical engineering activities,understand how to maintain instrumentation and control systems used in food and drink operations,,,
19,,improve the service provided to customers of buses/coaches,"operate powered units, tools or pedestrian plant,",,service and repair electrical systems on land-based equipment,evaluate and select work methods,conduct maintenance testing of signalling assets,,determine the feasibility of repair of components from electrical plant and equipment,heat treating materials for fabrication activities,carrying out fault location on fluid power equipment and circuits,machining components using cnc punching machines,forming marine sheet metal components using hand and machine tools,checking lift function,inspecting engineering products by magnetic particle testing,determining welding and related technical requirements to achieve objectives,repairing and refurbishing commercial and passenger carrying vehicles,installing aircraft composite mouldings,understand how to maintain mechanical equipment within an engineered system used in food and drink operations,,,
20,,install ancillary systems and components in buses/coaches,place and finish non-specialist concrete,,service and repair electronic control and monitoring systems on land-based equipment,evaluate feedback information and recommend improvements,conduct specified testing of telecoms systems,,determine the feasibility of repair of components from instrument and control systems,joining fabricated components using mechanical fasteners,carrying out fault location on mechanical equipment,machining components using cnc turning machines,installing cable runs and circuits in marine structures,complying with statutory regulations and organisational safety requirements,inspecting engineering products by penetrant flaw detection techniques,develop a research methodology for engineering,spraying vehicle body surfaces,installing aircraft mechanical fasteners into composite and/or metallic components,understand how to maintain process controller equipment within an engineered system used in food and drink operations,,,
21,,operate an it system in a bus/coach engineering and maintenance environment,pour concrete to form structures,,service and repair hydraulic systems on land-based equipment,hand over property,contribute to technical leadership of signal engineering activities,,determine the feasibility of repair of components from mechanical plant and equipment,joining materials by manual torch brazing and soldering,carrying out fault location on service systems and equipment,machining components using electro-discharge machines,installing marine ancillary plant and equipment,configure communication-electronic systems,inspecting engineering products using ultrasonic testing techniques,develop a strategy for the engineering design process,using and interpreting engineering data and documentation,levelling and weighing aircraft,understand how to maintain waste/foul water distribution systems and equipment used in food and drink operations,,,
22,,plan and organise work of self and others,prepare and mix construction related materials,,service and repair land-based air-conditioning/refrigeration systems,"identify, allocate and plan the deployment and use of plant, equipment or machinery",contribute to technical leadership of telecoms engineering activities,,diagnose and determine the causes of faults in electrical plant and equipment,joining materials by resistance spot welding,carrying out heat treatment of engineering materials,machining components using gear cutting machines,installing marine computer equipment and systems,handing over and confirming completion of maintenance activities,inspecting mechanical products,develop and sustain collaborative relationships with other departments,working efficiently and effectively in engineering,lifting and trestling/shoring aircraft for maintenance/repair operations,understand how to maintain workplace environmental control systems used in food and drink operations,,,
23,,prepare and treat surfaces and apply paint coats to bus/coach body panels and components,reinstate ground condition,,service and repair land-based cutting and mowing equipment,implement communication systems for the project,determine requirements for safe access to work locations for signal engineering,,diagnose and determine the causes of faults in instrument and control systems,marking out components for fabrication,carrying out maintenance activities on electrical equipment,machining components using grinding machines,installing marine fire main systems and equipment,inspecting and servicing lift equipment,loading and proving computer control programs,develop and sustain productive working relationships with colleagues,,maintaining electrical power systems on aircraft,understand how to repair/overhaul instrumentation and control equipment used in food and drink operations,,,
24,,provide roadside assistance for broken down buses/coaches,set out secondary dimensional work control,,service and repair land-based harvesting and processing equipment,maintain supplies of materials to meet project requirements,determine requirements for the safe access to work locations for telecoms engineering,,diagnose and determine the causes of faults in mechanical plant and equipment,marking out components for metalwork,carrying out maintenance activities on fluid power equipment,machining components using honing and lapping machines,installing marine hydraulic systems and equipment,installing communication-electronic systems,monitoring engineering activities,develop marketing plans,,maintaining flight control systems on aircraft,understand how to test and calibrate instrumentation and control equipment and circuits used in food and drink operations,,,
25,,recondition mechanical components in buses/coaches,slinging and signalling the movement of suspended loads,,"service and repair land-based soil preparation, cultivation and plant establishment equipment","maintain systems for health, safety, welfare and environmental protection",diagnose faults in signalling assets,,establish that a maintenance process has been completed to specification,operating cnc fabrication equipment,carrying out maintenance activities on mechanical equipment,machining components using horizontal boring machines,"installing marine lighting, alarm, detection and monitoring equipment and systems",maintaining air conditioning and ventilation systems,obtaining and controlling materials for engineering activities,develop operational plans,,maintaining flight control systems on rotorcraft,understand how to use engineering drawings and documents in maintenance activities in food and drink operations,,,
26,,rectify body damage on bus/coach vehicle body components,,,"service and repair land-based transport, handling and storage equipment",maintain the dimensional accuracy of the work,diagnose faults in telecoms assets,,establish that an engineering maintenance process has been completed to specification,preparing mechanised arc welding equipment for production,carrying out maintenance on compressed air equipment,machining components using milling machines,installing marine mechanical control systems and equipment,maintaining compressed air systems and equipment,obtaining resources for engineering activities,"develop your knowledge, skills and competence",,maintaining ice and rain protection systems on aircraft,,,,
27,,rectify electrical faults in bus/coach systems and components,,,service and repair land-based treatment application equipment,manage own professional development,establish compliance with specifications for maintained telecoms assets,,hand over process engineering plant and equipment,producing and finishing holes using drilling machines,carrying out modifications or rewiring electrical circuits,"machining components using shaping, planing or slotting machines",installing marine navigational equipment and systems,maintaining electrical equipment,planning engineering activities,"ensure compliance with legal, regulatory, ethical and social requirements",,maintaining power plant on aircraft,,,,
28,,rectify mechanical faults in bus/coach systems and components,,,service and repair mechanical transmission assemblies on land-based equipment,manage project handover,establish compliance with specifications for newly installed telecoms assets,,hand over process plant and equipment,producing fillet welded joints using a manual welding process,carrying out pipe fitting activities,machining components using turret lathes,installing marine pipework and components,maintaining electrical equipment within an engineered system,preparing ultrasonic flaw detection equipment for testing activities,establish an engineering design brief,,maintaining propeller/propulsor systems on aircraft,,,,
29,,repair damage to bus/coach body components,,,service and repair pneumatic systems on land-based equipment,manage your personal development,establish compliance with specifications for signalling assets,,identify and suggest improvements to working practices and procedure whilst maintaining instrument and control systems,producing fillet welded joints using a manual/semi-automatic welding process,carrying out repairs to yacht and boat composite components,machining components using vertical boring machines,installing marine power generation and distribution equipment and systems,maintaining emergency power generation equipment,preparing work areas for radiographic testing activities,evaluate engineering designs,,maintaining reciprocating engines on aircraft,,,,
30,,repair electrical faults in bus/coach systems and components,,,service and repair suspension systems on land-based equipment legacy,monitor project activities,establish information for signal engineering installation,,identify and suggest improvements to working practices and procedures on electrical plant and equipment,producing holes using drilling machines,carrying out repairs to yacht and boat wooden components and assemblies,"overhauling components of pneumatic, vacuum or compressed air equipment",installing marine power transmission systems and equipment,maintaining environmental control equipment,producing contractual arrangements to supply or procure goods or services for engineering activities,evaluate engineering risk assessments,,maintaining rotor drive systems on rotorcraft,,,,
31,,set out and assemble bus/coach body components,,,service and repair transmission systems on land based-equipment legacy,"organise, control and monitor supplies of materials",establish information for signal engineering maintenance and/or fault finding,,identify and suggest improvements to working practices and procedures whilst maintaining mechanical plant and equipment,producing major structural components/sub-assemblies,carrying out routine servicing of mechanical equipment,overhauling pump assemblies,installing marine propulsion systems and equipment,maintaining fluid power equipment,producing electrical engineering drawings using computer aided techniques,evaluate the results of engineering research,,maintaining rotor systems on rotorcraft,,,,
32,,support learners by coaching in the workplace,,,service and repair wheeled and tracked steering systems on land-based equipment,"plan and schedule the maintenance or remedial activities of property, systems or services",establish information for signal engineering testing,,inspect electrical plant and equipment,producing pipe fabrications,carrying out scheduled maintenance activities on mechanical equipment,overhauling valve assemblies,installing marine sensor equipment and systems,maintaining fluid power equipment within an engineered system,producing electronic engineering drawings using computer aided techniques,identify and define areas of engineering research,,maintaining turbine engines on aircraft,,,,
33,,support learners by mentoring in the workplace,,,service and repair wheels and tracks on land-based equipment,plan demolition activities,establish information for telecoms engineering installation,,inspect instrument and control systems,producing platework assemblies,carrying out scheduled maintenance tasks on electrical equipment,pipe bending and forming by hand methods,installing marine sheet metal components and assemblies,maintaining fresh water distribution systems and equipment,producing engineering drawings/models using 3d computer aided techniques,identifying engineering design requirements of clients,,marking out composite and/or metallic aircraft components,,,,
34,,,,,work safely in the land-based engineering work area,plan highways maintenance or repair activities,establish information for telecoms engineering maintenance and/or fault finding,,inspect mechanical plant and equipment,producing sheet metal assemblies,carrying out scheduled maintenance tasks on fluid power equipment,pipe bending and forming using bending machines,installing marine weapons equipment and systems,maintaining gas distribution systems and equipment,producing engineering systems/services drawings using computer aided techniques,implement engineering processes,,monitoring aeronautical engineering activities,,,,
35,,,,,,plan historical conservation/restoration activities,establish information for telecoms engineering testing,,interpret detailed electrical information from technical sources,producing socket and flange fillet welded joints in pipe using a manual welding process,carrying out scheduled maintenance tasks on service systems and equipment,preparing and testing pipework systems,installing marine wooden components,maintaining heating and ventilation systems,producing fabrication/structural engineering drawings using computer aided techniques,implement marketing plans,,obtaining resources for aeronautical engineering activities,,,,
36,,,,,,plan the preparation of the site for the project,organise local signal engineering activities,,interpret detailed instrument and control information from technical sources,producing structural steel ancillary components,complying with statutory regulations and organisational safety requirements,producing components by manual machining,installing rigging and lifting equipment,maintaining industrial refrigeration equipment,producing fluid power engineering drawings using computer aided techniques,implement operational plans,,overhauling aircraft gas turbine engine combustion assemblies,,,,
37,,,,,,plan tunnelling activities,organise local telecoms engineering activities,,interpret detailed mechanical information from technical sources,"slinging, lifting and moving materials and components",conducting business improvement activities,producing components using hand fitting techniques,joining marine pipework by manual torch brazing and soldering,maintaining instrumentation and control equipment and circuits,producing mechanical engineering drawings using computer aided techniques,implement quality assurance methods and procedures,,overhauling aircraft gas turbine engine compressor assemblies,,,,
38,,,,,,plan work activities and resources to meet work requirements,plan for further professional development in the rail engineering industry,,"minimise risks to life, property and the environment",using and interpreting engineering data and documentation,cutting and shaping materials using thermal cutting equipment,producing piston engine assemblies,joining marine sheet metal components using mechanical fasteners,maintaining instrumentation and control systems,producing off-line programs for nc/cnc boring machines,implementing welding production methods and procedures,,overhauling aircraft gas turbine engine gearbox assemblies,,,,
39,,,,,,provide customer service in construction,plan signal maintenance testing activities,,monitor the performance and condition of electrical plant and equipment,welding materials by the manual metal arc process,cutting and shaping platework components,producing power turbine combustion assemblies,lining off for assembly and erection of marine steelwork and components,maintaining mechanical equipment,producing off-line programs for nc/cnc fabrication machines,improve the quality of engineering products or processes,,overhauling aircraft gas turbine engine turbine assemblies,,,,
40,,,,,,supervise demolition activities,plan telecoms maintenance testing activities,,monitor the performance and condition of instrument and control systems,welding materials by the manual tig and plasma arc welding process,cutting and shaping wooden components for yachts and boats using hand tools,producing power turbine compressor assemblies,maintaining marine auxiliary power units,maintaining mechanical equipment within an engineered system,producing off-line programs for nc/cnc laser profiling machines,inspecting welded components or structures for visual quality and dimensional accuracy,,overhauling aircraft gas turbine engines by module replacement,,,,
41,,,,,,supervise highways maintenance or repair activities,reinstate the work area after signal engineering activities,,monitor the performance and condition of mechanical plant and equipment,welding materials by the oxy/fuel gas welding process,cutting materials using saws and abrasive discs,producing power turbine gearbox assemblies,maintaining marine fuel systems and equipment,maintaining medical gas pipeline systems and equipment,producing off-line programs for nc/cnc machining centres,investigate incidents relating to engineering activities,,overhauling components of aircraft hydraulic equipment,,,,
42,,,,,,supervise historical conservation/restoration activities,reinstate the work area after telecoms engineering activities,,move loads during process engineering maintenance,welding materials by the semi-automatic mig/mag and flux cored arc processes,cutting plate and sections using shearing machines,producing power turbine major assemblies,maintaining marine hydraulic systems and equipment,maintaining process control systems,producing off-line programs for nc/cnc milling machines,lead meetings to achieve objectives,,"overhauling components of aircraft rotor heads, blades and power transmission equipment",,,,
43,,,,,,supervise tunnelling activities,transfer responsibility of signalling assets,,prepare equipment in support of electrical engineering activities,welding materials with mechanised arc welding equipment,cutting sheet metal to shape using hand and machine tools,producing replacement components for overhauling activities,"maintaining marine lighting, alarm, detection and monitoring equipment and systems",maintaining process controller equipment within an engineered system,producing off-line programs for nc/cnc turning machines,lead your team,,planning aeronautical engineering activities,,,,
44,,,,,,,transfer responsibility of telecoms assets,,prepare equipment required for maintaining instrument and control systems,welding pipe/tube using multiple manual arc welding processes,finishing surfaces by applying coatings or coverings,producing socket and flange fillet welded joints in pipe using a manual welding process,maintaining marine mechanical control equipment and systems,maintaining waste/foul water distribution systems and equipment,producing off-line programs for programmable logic controller equipment,leading continuous improvement (kaizen) activities,,producing aeronautical electrical engineering drawings using computer aided techniques,,,,
45,,,,,,,,,prepare loads for moving during performing engineering maintenance,welding plate using multiple manual arc welding processes,"fitting seating, interior panels, soft furnishing and trim in yachts and boats",producing turbine assemblies,maintaining marine propulsion systems,maintaining workplace environmental control systems,producing operating programs for industrial robots,leading electrical/electronic product manufacturing or testing activities ,,producing aeronautical electronic engineering drawings using computer aided techniques,,,,
46,,,,,,,,,prepare materials for the maintenance of electrical plant and equipment,working efficiently and effectively in engineering,fitting sub assemblies and components to public service vehicles,repairing and modifying mechanical assemblies,"maintaining marine steering gear, control systems and equipment",modifying communication-electronic systems,producing technical information for engineering activities,leading failure modes and effects analysis (fmea) activities,,producing aeronautical engineering drawings/models using 3d computer aided techniques,,,,
47,,,,,,,,,prepare materials for the maintenance of electrical process plant and equipment,,forming and assembling electrical cable enclosure and support systems,setting centre lathes for production,maintaining rigging and lifting equipment,modifying or rewiring electrical circuits,providing operational support for computer control programs,leading installation or commissioning activities,,producing aeronautical mechanical engineering drawings using computer aided techniques,,,,
48,,,,,,,,,prepare materials for the maintenance of instrument and control process plant and equipment,,forming and assembling pipework systems,setting cnc grinding machines for production,marking off marine structural steelwork components,producing replacement components for maintenance activities,providing technical advice and guidance on engineering activities,leading maintenance activities,,producing aircraft composite assemblies,,,,
49,,,,,,,,,prepare materials for the maintenance of mechanical plant and equipment,,forming sheetmetal using hand and machine tools,setting cnc horizontal boring machines for production,marking out for fabrication and assembly of marine sheet metalwork,reading and extracting information from service drawings and specifications,providing technical sales and marketing support for engineering activities,leading measurement systems analysis (msa) activities,,producing aircraft composite mouldings using pre-preg laminating techniques,,,,
50,,,,,,,,,prepare materials required for maintaining instrument and control systems,,general electrical and electronic engineering applications,setting cnc laser profiling machines for production,marking out for the installation of marine wooden assemblies,rectifying faults in lifts,scheduling engineering activities,leading mechanical manufacturing or inspection activities,,producing aircraft engine combustion assemblies,,,,
51,,,,,,,,,prepare process plant and equipment in support of electrical engineering activities,,"general machining, fitting and assembly applications",setting cnc machining centres for production,marking out for the manufacture and assembly of marine wooden components,repairing communication-electronic systems,specifying non-destructive testing instructions for inspection activities,leading mistake/error proofing (poka yoke) activities,,producing aircraft engine compressor assemblies,,,,
52,,,,,,,,,prepare process plant and equipment in support of instrument and control engineering activities,,general maintenance engineering applications,setting cnc milling machines for production,modifying and rewiring marine electrical circuits,repairing electronic equipment,using and interpreting engineering data and documentation,leading rail welding activities,,producing aircraft engine gearbox assemblies,,,,
53,,,,,,,,,prepare process plant and equipment in support of mechanical engineering activities,,handing over and confirming completion of maintenance or installation,setting cnc punching machines for production,outfitting marine steelwork,repairing/overhauling instrumentation and control equipment,working efficiently and effectively in engineering,leading statistical process control (spc) activities,,producing aircraft engine major assemblies,,,,
54,,,,,,,,,prepare work areas for engineering activities,,installing aircraft mechanical fasteners,setting cnc turning machines for production,overhauling electrical marine rotating machines and domestic equipment,"repairing/replacing lift doors, chains, ropes and equipment",,leading the application of basic statistical analysis,,producing aircraft engine turbine assemblies,,,,
55,,,,,,,,,prepare work areas for the maintenance of process plant and equipment,,joining public service vehicle components by mechanical processes,setting electro-discharge machines for production,overhauling marine fuel systems and equipment,testing and calibrating instrumentation and control equipment and circuits,,leading the application of six sigma methodology to a project,,producing composite and/or metallic aircraft major assemblies,,,,
56,,,,,,,,,read and extract information from electrical engineering drawing and specifications,,maintaining and testing process instrumentation and control devices,setting gear cutting machines for production,overhauling marine propulsion systems,testing communication-electronic systems,,leading the application of six sigma metrics to a project,,producing composite and/or metallic aircraft sub-assemblies,,,,
57,,,,,,,,,read and extract information from instrument and control engineering drawings and specifications,,maintaining electrical equipment/systems,setting grinding machines for production,preparing and testing marine pipework systems,testing electrical equipment and circuits,,leading the carrying out of capability studies,,producing composite mouldings using wet lay-up techniques,,,,
58,,,,,,,,,read and extract information from mechanical engineering drawings and specifications,,maintaining electronic equipment/systems,setting honing and lapping machines for production,preparing docks and slips for vessel operations,testing electronic equipment and circuits,,leading the carrying out of six sigma process mapping,,producing technical details for aeronautical engineering activities,,,,
59,,,,,,,,,reinstate the work area after completing the maintenance of process engineering plant and equipment,,maintaining fluid power equipment,setting horizontal boring machines for production,preparing for rigging activities,testing fluid power equipment and systems,,leading the creation of flexible production and manpower systems,,providing technical guidance on aeronautical engineering activities,,,,
60,,,,,,,,,reinstate the work area after completing the maintenance of process plant and equipment,,maintaining mechanical devices and equipment,setting milling machines for production,preparing loads for moving,using and interpreting engineering data and documentation,,leading the creation of standard operating procedures (sop),,rebuilding aircraft gas turbine engine assemblies after overhaul,,,,
61,,,,,,,,,remove components from electrical plant and equipment,,making components from wood-based materials,setting power presses for production,preparing marine coating materials for application,working efficiently and effectively in engineering,,leading the development of visual management systems,,reinstating the work area on completion of activities,,,,
62,,,,,,,,,remove components from electrical process plant and equipment,,making components using hand tools and fitting techniques,"setting shaping, planing or slotting machines for production",preparing marine material surfaces using hand and mechanical tools,,,leading the production of a characteristic selection matrix,,removing and replacing aircraft power plant and components,,,,
63,,,,,,,,,remove components from instrument and control process plant and equipment,,marking out components for fabrication,setting single and multi-spindle drilling machines for production,preparing mechanised arc welding equipment for production,,,leading value management (value engineering and value analysis) activities,,removing and replacing components of aircraft communication systems,,,,
64,,,,,,,,,remove components from instrument and control systems,,operating centre lathes,setting turret lathes for production,producing fillet welded joints using a manual/semi-automatic welding process,,,leading value stream mapping (vsm) activities,,removing and replacing components of aircraft environmental systems,,,,
65,,,,,,,,,remove components from mechanical plant and equipment,,operating cnc electro-discharge machines,setting vertical boring machines for production,producing marine sheet metal assemblies,,,leading welding and fabrication activities,,removing and replacing components of aircraft fuel and lubrication systems,,,,
66,,,,,,,,,replace components in electrical plant and equipment,,operating cnc machining centres,"slinging, lifting and moving equipment, components or materials for overhauling activities",producing marine wooden components using hand tools,,,manage budgets,,removing and replacing components of aircraft hydraulic systems,,,,
67,,,,,,,,,replace components in electrical process plant and equipment,,operating cnc milling machines,using and interpreting engineering data and documentation,producing marine wooden components using machines,,,manage conflict in teams,,removing and replacing components of aircraft internal and external lighting systems,,,,
68,,,,,,,,,replace components in instrument and control process and plant and equipment,,operating cnc turning machines,working efficiently and effectively in engineering,producing replacement components for marine maintenance activities,,,manage peopleâ€™s performance at work,,removing and replacing components of aircraft power transmission systems,,,,
69,,,,,,,,,replace components in instrument and control systems,,operating milling machines,,producing socket and flange fillet welded joints in pipe using a manual welding process,,,manage programmes,,repairing aircraft composite mouldings,,,,
70,,,,,,,,,replace components in mechanical plant and equipment,,preparing and proving cnc fabrication machine tool programs,,repairing marine composite components and assemblies,,,manage quality assurance systems,,repairing airframes and structures,,,,
71,,,,,,,,,test the performance and condition of electrical plant and equipment,,preparing and proving cnc machine tool programs,,restoring marine mechanical components to usable condition by repair,,,manage quality audits,,repairing and modifying mechanical assemblies,,,,
72,,,,,,,,,test the performance and condition of instrument and control systems,,preparing and using cnc fabrication machinery,,"setting to work, testing and trialling marine communication equipment and systems",,,manage the development of products and services,,"towing, marshalling and parking aircraft",,,,
73,,,,,,,,,test the performance and condition of mechanical plant and equipment,,preparing and using cnc machining centres,,"setting to work, testing and trialling marine electrical power generation and distribution equipment and systems",,,manage the environmental and social impacts of your work,,trimming aircraft composite mouldings using hand tools,,,,
74,,,,,,,,,"work safely, minimise risk and comply with emergency procedures",,preparing and using cnc milling machines,,"setting to work, testing and trialling marine lighting, alarm, detection and monitoring equipment and systems",,,manage the use of financial resources,,undertaking scheduled maintenance of aircraft airframe and mechanical equipment,,,,
75,,,,,,,,,,,preparing and using cnc turning machines,,"setting to work, testing and trialling marine navigational equipment and systems",,,mentor individuals,,undertaking scheduled maintenance of aircraft avionics equipment/systems,,,,
76,,,,,,,,,,,preparing and using grinding machines,,"slinging, lifting and moving materials, machinery and components in a marine environment",,,monitor and evaluate engineering processes,,using and interpreting engineering data and documentation,,,,
77,,,,,,,,,,,preparing and using industrial robots,,tack welding marine plate using a manual/semi-automatic welding process,,,monitoring welding activities in production,,using curing and consolidation equipment for aircraft composite mouldings,,,,
78,,,,,,,,,,,preparing and using lathes for turning operations,,testing marine electrical and electronic equipment and circuits,,,obtain physical resources,,working efficiently and effectively in engineering,,,,
79,,,,,,,,,,,preparing and using manual flame brazing and braze  welding equipment,,using and interpreting engineering data and documentation,,,obtaining resources for the implementation of engineering activities,,,,,,
80,,,,,,,,,,,preparing and using manual metal arc welding equipment,,welding marine materials and structures using semi-automatic mig/mag and,,,"plan and decommission engineering equipment, processes or facilities",,,,,,
81,,,,,,,,,,,preparing and using manual tig or plasma-arc welding equipment,,welding marine materials and structures using the manual metal arc process,,,planning welding production resources and activities,,,,,,
82,,,,,,,,,,,preparing and using milling machines,,welding materials with mechanised arc welding equipment,,,procure products and/or services,,,,,,
83,,,,,,,,,,,"preparing and using semi-automatic mig, mag and flux cored arc welding equipment",,working efficiently and effectively in engineering,,,producing engineering specifications,,,,,,
84,,,,,,,,,,,producing aircraft detail assemblies,,,,,propose and specify engineering research,,,,,,
85,,,,,,,,,,,producing cad models (drawings) using a cad system,,,,,"propose decommissioning of engineering equipment, processes or facilities",,,,,,
86,,,,,,,,,,,producing components using hand fitting techniques,,,,,"provide healthy, safe, secure and productive working environments and practices",,,,,,
87,,,,,,,,,,,producing composite mouldings using pre-preg techniques,,,,,providing technical advice and guidance on engineering or manufacturing requirements,,,,,,
88,,,,,,,,,,,producing electrical or electronic engineering drawings using a cad system,,,,,schedule engineering activities ,,,,,,
89,,,,,,,,,,,producing engineering project plans,,,,,sell products and services,,,,,,
90,,,,,,,,,,,producing fillet welded joints using a manual/semi-automatic welding process,,,,,solve engineering or manufacturing problems,,,,,,
91,,,,,,,,,,,producing holes using drilling machines,,,,,solving welding problems in production,,,,,,
92,,,,,,,,,,,producing mechanical assemblies,,,,,specify methods and procedures to achieve engineering requirements,,,,,,
93,,,,,,,,,,,producing mechanical engineering drawings using a cad system,,,,,specify risk reduction methods and procedures,,,,,,
94,,,,,,,,,,,producing mechanical sub-assemblies/assemblies,,,,,support individualsâ€™ learning and development,,,,,,
95,,,,,,,,,,,producing platework assemblies,,,,,support remote/virtual teams,,,,,,
96,,,,,,,,,,,producing platework components and assemblies,,,,,"transfer control of engineering products, processes or facilities",,,,,,
97,,,,,,,,,,,producing sheet metal assemblies,,,,,undertake engineering research,,,,,,
98,,,,,,,,,,,producing structural steel ancillary components,,,,,undertaking project management activities ,,,,,,
99,,,,,,,,,,,"slinging, lifting and moving materials and components",,,,,use information to take effective decisions,,,,,,
100,,,,,,,,,,,using and communicating technical information,,,,,,,,,,,
101,,,,,,,,,,,using and interpreting engineering data and documentation,,,,,,,,,,,
102,,,,,,,,,,,using computer software packages to assist with engineering activities,,,,,,,,,,,
103,,,,,,,,,,,using lathes for turning operations,,,,,,,,,,,
104,,,,,,,,,,,using manual metal arc welding equipment,,,,,,,,,,,
105,,,,,,,,,,,using milling machines,,,,,,,,,,,
106,,,,,,,,,,,using oxy-fuel gas cutting equipment,,,,,,,,,,,
107,,,,,,,,,,,using semi-automatic mig or mag welding equipment,,,,,,,,,,,
108,,,,,,,,,,,"using wood for pattern, modelmaking and other engineering applications",,,,,,,,,,,
109,,,,,,,,,,,welding materials with mechanised arc welding equipment,,,,,,,,,,,
110,,,,,,,,,,,wiring and testing electrical equipment and circuits,,,,,,,,,,,
111,,,,,,,,,,,wiring and testing programmable controller based systems,,,,,,,,,,,
112,,,,,,,,,,,wiring electrical equipment and circuits,,,,,,,,,,,
113,,,,,,,,,,,working efficiently and effectively in engineering,,,,,,,,,,,
