,Electrification 1,Engineering tech support 1,Electrification 2,signals,,Fabrication and welding 1,Performing engineering operations,Bus and coach,Engineering manufacture 1,Land based,Marine engineering 1,Power sector outlier,Performing engineering operations,Outlier 1,Outlier 2,Automotive engineering 1,Food and drink,Outlier 3,Signals 2,Outlier 4,Aeronautical,Empty
,5,9,6,8,15,18,20,3,10,4,17,1,19,16,11,13,12,21,7,2,14,22
lenght,2,4,8,28,5,15,65,26,40,24,65,1,11,2,1,11,43,1,5,1,47,0
avg dist,0,0,0.01,0.019,0.048,0.063,0.079,0.082,0.082,0.088,0.122,1,1,1,1,1,1,1,1,1,1,1
0,carry out installation of electrification and plant assets,carrying out project management of engineering activities,contribute to safe working practices in the rail engineering industry,establish information for signal engineering maintenance and/or fault finding,"carry out fault diagnosis on traction and rolling stock systems;carrying out fault diagnosis on mechanical equipment;carrying out fault diagnosis on aircraft avionics components or systems;carrying out fault diagnosis on engineered systems;carrying out fault diagnosis on mould, press tool or die equipment",joining materials by manual torch brazing and soldering,carrying out maintenance activities on electrical equipment,contribute to safe working practices in bus/coach engineering and maintenance,create engineering designs,work safely in the land-based engineering work area,installing marine power generation and distribution equipment and systems,maintain compressed air systems and equipment used in food and drink operations,carrying out pipe fitting activities,machining components using grinding machines,testing and calibrating instrumentation and control equipment and circuits;carrying out the testing and calibration of instrumentation control equipment and circuits,preparing vehicle body surfaces for finishing,comply with statutory regulations and organisational safety requirements in food and drink operations,contribute to preparations for engineering surveying operations,assist in the installation of signalling equipment,working efficiently and effectively in engineering,reinstating the work area on completion of activities,
1,assist in preparing resources for electrification and plant engineering activities,implementing quality control systems and procedures in an engineering environment,plan electrification and plant engineering activities,plan signal maintenance testing activities,maintaining mechanical equipment,marking out components for metalwork,carrying out maintenance activities on fluid power equipment,carry out bus/coach servicing,obtaining resources for the implementation of engineering activities,service and repair clutches and other transmission controlling devices on land-based equipment,installing marine sensor equipment and systems,,using lathes for turning operations,producing aircraft components by manual machining;producing components by manual machining,,spraying vehicle body surfaces,understand how to comply with statutory regulations and organisational safety requirements in food and drink operations,,assist in planned maintenance of signalling equipment,,marking out composite and/or metallic aircraft components,
2,,planning engineering activities,transfer responsibility of electrification and plant equipment and components,carry out installation of signalling assets,maintaining electrical equipment,developing and marking out templates for metalwork,marking out components for fabrication,rectify body damage on bus/coach vehicle body components,implement engineering processes,service and repair mechanical transmission assemblies on land-based equipment,installing marine computer equipment and systems,,using milling machines,,,diagnosing and rectifying faults in vehicle electrical and electronic systems,use engineering drawings and documents in maintenance activities in food and drink operations,,assist in the installation of telecoms equipment,,installing aircraft mechanical fasteners into composite and/or metallic components,
3,,producing technical information for engineering activities,allocate and monitor resources for electrification and plant engineering activities,carry out planned maintenance of signalling assets,modifying or rewiring electrical circuits;repair or modify traction and rolling stock electrical circuits,bending and forming plate using press brakes or bending machines,"slinging, lifting and moving materials and components",identify and locate mechanical faults in bus/coach systems and components,monitor and evaluate engineering processes,service and repair land-based cutting and mowing equipment,installing marine weapons equipment and systems,,carrying out routine servicing of mechanical equipment,,,repairing and refurbishing commercial and passenger carrying vehicles,understand how to use engineering drawings and documents in maintenance activities in food and drink operations,,assist in planned maintenance of telecoms equipment,,producing composite and/or metallic aircraft sub-assemblies,
4,,,carry out technical assessment of electrification and plant,adjust signalling components and equipment to meet operational requirements,producing replacement components for maintenance activities,assembling components for experimental vehicle engineering by resistance spot welding;joining marine sheet metal materials using resistance spot welding;joining materials by resistance spot welding;assembling components for commercial and passenger carrying vehicles by resistance spot welding;using resistance spot welding to join marine sheet metal materials,bending and forming plate using power operated machines,identify and locate electrical faults in bus/coach systems and components,evaluate engineering risk assessments,service and repair land-based harvesting and processing equipment,"installing marine lighting, alarm, detection and monitoring equipment and systems",,cutting and shaping platework components,,,fitting ancillary units to commercial and passenger carrying vehicles,hand over and confirm completion of maintenance activities within food and drink operations,,assist with tests and checks of telecoms equipment,,producing composite and/or metallic aircraft major assemblies,
5,,,isolate and earth contact systems to meet defined isolation requirements in the rail engineering industry,carry out removal of components from signalling assets,,welding marine materials and structures using the manual oxy/fuel gas;joining materials by the manual gas welding process;welding materials by the manual gas welding process;welding materials by the oxy/fuel gas welding process;joining marine materials/structures using the manual oxy/fuel gas welding process;joining plastics using manual welding processes,producing structural steel ancillary components,identify bus/coach body damage and recommend suitable repair techniques,specify risk reduction methods and procedures,"service and repair land-based soil preparation, cultivation and plant establishment equipment","setting to work, testing and trialling marine communication equipment and systems",,using oxy-fuel gas cutting equipment,,,fitting internal and external trim and fitments to commercial and passenger carrying vehicles,understand how to hand over and confirm completion of maintenance activities within food and drink operations,,,,repairing airframes and structures,
6,,,carry out maintenance on electrification and plant assets;assist in preventative and corrective maintenance of traction cabling systems;carry out preventative and corrective maintenance of traction cabling systems ;carry out maintenance on electrification and plant equipment and components;carry out installation of electrification and plant equipment and components,carry out replacement of components from signalling assets,,heat treating materials for fabrication activities,producing structural steel ancillary components,complete routine assembly of bus/coach body components,implement quality assurance methods and procedures,implement organisational procedures in land-based engineering,lining off for assembly and erection of marine steelwork and components,,wiring electrical equipment and circuits,,,fitting pipework systems to commercial and passenger carrying vehicles,maintain mechanical equipment within an engineered system used in food and drink operations,,,,producing aircraft composite assemblies,
7,,,restore the contact systems to operational condition in the rail engineering industry ;establish the operational condition of electrification and plant assets,assist with establishing compliance with specifications for signalling equipment,,cutting and shaping using cnc plasma or gas cutting machines;cutting and shaping materials using nc/cnc laser profiling machines;cutting and shaping materials using cnc water jet cutting machines;cutting and shaping materials using cnc laser profiling machines,cutting and shaping wooden components for yachts and boats using hand tools,prepare and treat surfaces and apply paint coats to bus/coach body panels and components,improve the quality of engineering products or processes,"service and repair land-based transport, handling and storage equipment",cutting materials using hand and machine tools,,assembling electronic circuits,,,modifying commercial and passenger carrying vehicles,understand how to maintain mechanical equipment within an engineered system used in food and drink operations,,,,applying finishes to aircraft composite mouldings,
8,,,,establish compliance with specifications for signalling assets,,joining marine materials and components using adhesives;bonding marine materials and components using adhesives;bonding engineering materials using adhesives,applying surface finishes to yacht and boat wooden assemblies,provide roadside assistance for broken down buses/coaches,identify and define areas of engineering research,service and repair electrical systems on land-based equipment,outfitting marine steelwork,,making components from wood-based materials,,,assembling electrical and electronic equipment to vehicles;assembling and fitting wiring looms to vehicles,maintain fluid power equipment within an engineered system used in food and drink operations,,,,undertaking scheduled maintenance of aircraft avionics equipment/systems,
9,,,,diagnose faults in signalling assets,,cutting materials using hand operated thermal cutting equipment;cutting marine steelwork using handheld thermal cutting equipment;cutting and shaping materials using gas cutting machines;cutting and shaping marine steelwork using gas cutting machines;cutting and shaping materials using portable thermal cutting equipment,"fitting seating, interior panels, soft furnishing and trim in yachts and boats",complete thermal joining of bus/coach components,"transfer control of engineering products, processes or facilities",service and repair electronic control and monitoring systems on land-based equipment,checking marine fabrications for quality and dimensional accuracy,,assembling engineering woodwork components,,,assembling commercial and passenger carrying vehicle body sub-assemblies to produce a vehicle;producing commercial and passenger carrying vehicle body sub-assemblies,understand how to maintain fluid power equipment within an engineered system used in food and drink operations,,,,"carrying out fault diagnosis on aircraft airframe, mechanical components and systems",
10,,,,establish information for telecoms engineering maintenance and/or fault finding,,forming structural sections using machines,carrying out repairs to yacht and boat wooden components and assemblies,conduct inspections of buses/coaches,"propose decommissioning of engineering equipment, processes or facilities",service and repair hydraulic systems on land-based equipment,installing marine propulsion systems and equipment,,using and communicating technical information,,,fitting electrical and electronic components to commercial and passenger carrying vehicles,maintain process controller equipment within an engineered system used in food and drink operations,,,,undertaking scheduled maintenance of aircraft airframe and mechanical equipment,
11,,,,plan telecoms maintenance testing activities,,forming pipework by machine bending,carrying out repairs to yacht and boat composite components,assess body damage to buses/coaches,"commission engineering products, processes or facilities",handle refrigerants,installing marine power transmission systems and equipment,,,,,,understand how to maintain process controller equipment within an engineered system used in food and drink operations,,,,removing and replacing components of aircraft fuel and lubrication systems,
12,,,,carry out installation of telecoms assets,,heat treating materials for marine fabrication activities;heat treating materials for fabrication activities,working efficiently and effectively in engineering,repair damage to bus/coach body components,leading maintenance activities,carry out the handover and installation of land-based equipment,installing marine hydraulic systems and equipment,,,,,,carry out preventative planned maintenance on engineered systems within food and drink operations,,,,carrying out tests on aircraft engines and systems,
13,,,,adjust telecoms components and equipment to meet operational requirements,,welding materials by the manual mig/mag and other continuous wire processes;welding materials by the manual metal arc process;welding materials by the manual tig and plasma arc welding process;welding materials by the semi-automatic mig/mag and flux cored arc processes,producing mechanical engineering drawings using a cad system,set out and assemble bus/coach body components,leading installation or commissioning activities,deliver customer care in land-based engineering,installing marine mechanical control systems and equipment,,,,,,understand how to carry out preventative planned maintenance on engineered systems within food and drink operations,,,,carrying out tests on aircraft control systems,
14,,,,carry out removal of components from telecoms assets,,operating cnc fabrication equipment;operating cnc fabrication machines,forming and assembling pipework systems,recondition mechanical components in buses/coaches,leading welding and fabrication activities,service and repair land-based treatment application equipment,installing marine ancillary plant and equipment,,,,,,carry out condition monitoring of plant and equipment used within food and drink operations,,,,carrying out test bed runs on aircraft engines (uninstalled),
15,,,,carry out replacement of components from telecoms assets,,,carrying out aircraft detail fitting activities,install ancillary systems and components in buses/coaches,leading rail welding activities,apply core land-based engineering principles: tools and equipment,installing marine fire main systems and equipment,,,,,,understand how to carry out condition monitoring of plant and equipment used within food and drink operations,,,,producing aeronautical engineering drawings/models using 3d computer aided techniques,
16,,,,conduct specified testing of telecoms systems,,,installing aircraft mechanical fasteners,establish customer technical requirements for buses/coaches,carrying out maintenance activities on instrumentation and control equipment,"apply core land-based engineering principles: material preparation, shaping and assembling",maintaining marine fuel systems and equipment,,,,,,assist in the installation of equipment to produce an engineered system in food and drink operations,,,,monitoring aeronautical engineering activities,
17,,,,diagnose faults in telecoms assets,,,producing aircraft detail assemblies,improve the service provided to customers of buses/coaches,carrying out maintenance activities on electrical equipment within an engineered system,apply core land-based engineering principles: servicing and maintenance,maintaining marine hydraulic systems and equipment,,,,,,apply total productive maintenance (tpm) in food and drink operations,,,,planning aeronautical engineering activities,
18,,,,plan for further professional development in the rail engineering industry,,,preparing and using lathes for turning operations,carry out roadside recovery of buses/coaches,carrying out maintenance activities on fluid power equipment within an engineered system,apply core land-based engineering principles: thermal joining processes,maintaining marine auxiliary power units,,,,,,understand how to apply total productive maintenance (tpm) in food and drink operations ,,,,producing technical details for aeronautical engineering activities,
19,,,,establish information for signal engineering testing;establish information for telecoms engineering testing;establish information for signal engineering installation;establish information for telecoms engineering installation,,,preparing and using milling machines,plan and organise work of self and others,carrying out maintenance activities on process controller equipment within an engineered system,service and repair braking systems on land-based equipment,maintaining marine mechanical control equipment and systems,,,,,,maintain waste/foul water distribution systems and equipment used in food and drink operations,,,,obtaining resources for aeronautical engineering activities,
20,,,,determine requirements for the safe access to work locations for telecoms engineering;determine requirements for safe access to work locations for signal engineering,,,preparing and using grinding machines,support learners by coaching in the workplace,determining welding and related technical requirements to achieve objectives,service and repair wheeled and tracked steering systems on land-based equipment,"maintaining marine steering gear, control systems and equipment",,,,,,maintain workplace environmental control systems used in food and drink operations,,,,implementing aeronautical engineering activities,
21,,,,allocate and monitor resources for signal engineering activities;allocate and monitor resources for telecoms engineering activities,,,preparing and proving cnc machine tool programs,operate an it system in a bus/coach engineering and maintenance environment,planning welding production resources and activities,service and repair pneumatic systems on land-based equipment,overhauling marine propulsion systems,,,,,,understand how to maintain workplace environmental control systems used in food and drink operations,,,,providing technical guidance on aeronautical engineering activities,
22,,,,reinstate the work area after telecoms engineering activities;reinstate the work area after signal engineering activities,,,preparing and using industrial robots,rectify electrical faults in bus/coach systems and components;rectify mechanical faults in bus/coach systems and components,implementing welding production methods and procedures,service and repair land-based air-conditioning/refrigeration systems,overhauling marine fuel systems and equipment,,,,,,maintain emergency power generation equipment used in food and drink operations,,,,repairing aircraft composite mouldings,
23,,,,conduct functional testing of newly installed signalling systems;conduct maintenance testing of signalling assets,,,maintaining mechanical devices and equipment,carry out scheduled electrical maintenance on buses/coaches;carry out scheduled body maintenance on buses / coaches;carry out scheduled mechanical maintenance on buses/coaches,solving welding problems in production,apply core land-based engineering principles: mechanical principles,marking out for the installation of marine wooden assemblies,,,,,,understand how to maintain emergency power generation equipment used in food and drink operations ,,,,dismantling aircraft gas turbine engines to module/unit level,
24,,,,transfer responsibility of telecoms assets;transfer responsibility of signalling assets,,,assembling and testing fluid power systems,diagnose mechanical faults in bus/coach systems and components;diagnose electrical faults in bus/coach systems and components;recondition electrical components in buses/coaches,monitoring welding activities in production,,repairing marine composite components and assemblies,,,,,,maintain gas distribution systems and equipment used in food and drink operations,,,,rebuilding aircraft gas turbine engine assemblies after overhaul,
25,,,,contribute to technical leadership of telecoms engineering activities;contribute to technical leadership of signal engineering activities,,,maintaining fluid power equipment,repair mechanical/electrical faults in ancillary systems and components in buses/coaches;repair electrical faults in bus/coach systems and components,inspecting welded components or structures for visual quality and dimensional accuracy,,installing marine sheet metal components and assemblies,,,,,,understand how to maintain gas distribution systems and equipment used in food and drink operations  ,,,,using curing and consolidation equipment for aircraft composite mouldings,
26,,,,organise local signal engineering activities;organise local telecoms engineering activities,,,producing platework components and assemblies,,determine the requirements for engineering activities,,preparing mechanised arc welding equipment for production,,,,,,maintain instrumentation and control systems used in food and drink operations,,,,installing aircraft composite mouldings,
27,,,,carry out planned maintenance of telecoms assets;establish compliance with specifications for newly installed telecoms assets;establish compliance with specifications for maintained telecoms assets,,,cutting and shaping materials using thermal cutting equipment,,schedule engineering activities ,,testing marine electrical and electronic equipment and circuits;testing marine electrical equipment and circuits;carrying out tests on marine electrical and electronic equipment and circuits;carrying out tests on marine electrical equipment and circuits,,,,,,understand how to maintain instrumentation and control systems used in food and drink operations,,,,lifting and trestling/shoring aircraft for maintenance/repair operations,
28,,,,,,,preparing and proving cnc fabrication machine tool programs,,solve engineering or manufacturing problems,,carrying out fault diagnosis on electrical equipment and circuits;diagnosing faults on marine electrical equipment and circuits;diagnosing faults on marine electrical and electronic equipment and circuits,,,,,,understand how to carry out fault diagnosis on instrumentation and control equipment and circuits used in food and drink operations ,,,,levelling and weighing aircraft,
29,,,,,,,preparing and using cnc fabrication machinery,,identifying engineering design requirements of clients,,preparing holding primer for application;preparing marine coatings for application;preparing marine coating materials for application;preparing coating materials for application on yachts and boats,,,,,,carry out preventative planned maintenance on instrumentation and control equipment used in food and drink operations,,,,"towing, marshalling and parking aircraft",
30,,,,,,,preparing and using manual flame brazing and braze  welding equipment,,producing engineering specifications,,producing fillet welded joints using a manual welding process;welding pipe/tube using multiple manual arc welding processes;tack welding marine plate using a manual welding process;welding plate using multiple manual arc welding processes;producing socket and flange fillet welded joints in low pressure marine pipework using a manual welding process;joining marine materials/structures using semi-automatic mig/mag and flux cored arc processes;welding marine materials and structures using the manual metal arc process;welding marine materials and structures using manual tig and plasma arc welding processes;tack welding fillet joints in marine steelwork;tack welding marine plate using a manual/semi-automatic welding process;joining marine materials/structures using manual tig and plasma-arc welding processes;producing fillet welded joints using a manual/semi-automatic welding process;joining components for commercial and passenger carrying vehicles using a manual welding process;joining marine materials/structures using the manual metal arc (mma) welding process;welding marine materials and structures using semi-automatic mig/mag and;welding marine pipe/tube using multiple manual arc welding processes;welding marine plate and structures using multiple manual arc welding processes;assembling jig and fixture structures using a manual welding process;joining materials by the manual mig/mag and other continuous wire processes;producing socket and flange fillet welded joints in pipe using a manual welding process,,,,,,repair/overhaul instrumentation and control equipment used in food and drink operations,,,,carrying out flight servicing and routine maintenance of aircraft,
31,,,,,,,producing electrical or electronic engineering drawings using a cad system,,establish an engineering design brief,,shaping marine wooden components using hand tools;producing marine wooden components using hand tools;producing/finishing wooden structural components for yachts and boats;producing wooden structural components for yachts and boats using machines;producing marine outfitting components in wood based materials;producing furniture and structural components for leisure vehicles;producing wooden furniture/outfitting components for yachts and boats using;producing marine wooden components using machines;shaping marine wooden components using machines;producing/finishing wooden furniture/outfitting components for yachts and,,,,,,understand how to repair/overhaul instrumentation and control equipment used in food and drink operations,,,,maintaining flight control systems on aircraft,
32,,,,,,,wiring and testing electrical equipment and circuits,,specify methods and procedures to achieve engineering requirements,,assembling wooden furniture/outfitting units for yachts and boats;assembling furniture and structural units for leisure vehicles;producing assemblies of marine wooden components;assembling marine wooden components;producing marine wooden outfitting assemblies,,,,,,test and calibrate instrumentation and control equipment and circuits used in food and drink operations,,,,producing composite mouldings using wet lay-up techniques,
33,,,,,,,forming and assembling electrical cable enclosure and support systems,,providing technical advice and guidance on engineering or manufacturing requirements,,producing marine sheet metal assemblies;producing sheetmetal assemblies;assembling marine sheet metal components;assembling fabricated components to produce marine sub-assemblies;producing major structural components/sub-assemblies;producing sheet metal assemblies;producing platework assemblies;producing pipe fabrications;producing marine sheet metal outfitting assemblies,,,,,,understand how to test and calibrate instrumentation and control equipment and circuits used in food and drink operations,,,,producing aircraft engine turbine assemblies;producing aircraft engine gearbox assemblies;producing aircraft detail assemblies;producing aircraft engine major assemblies;producing aircraft engine compressor assemblies;producing aircraft engine combustion assemblies;dressing aircraft engines;producing aircraft piston engine assemblies,
34,,,,,,,"assembling, wiring and testing electrical panels/components mounted in enclosures",,develop a research methodology for engineering,,joining fabricated components using mechanical fasteners;joining marine sheet metal components using mechanical fasteners;assembling components using mechanical fasteners;using mechanical fasteners to join marine sheet metal components,,,,,,assist in the installation of instrumentation and control equipment used in food and drink operations,,,,drilling and finishing holes in composite and/or metallic aircraft structures or components;drilling and finishing holes in aircraft components,
35,,,,,,,assembling and testing electronic circuits,,"configure engineering products, processes or facilities",,shaping marine steelwork using power rolling machines;forming marine components using power rolling machines;forming platework using power rolling machines,,,,,,understand how to assist in the installation of instrumentation and control equipment used in food and drink operations ,,,,"removing and replacing components of aircraft internal and external lighting systems;removing and replacing components of aircraft armament systems;removing and replacing components of aircraft communication systems;removing and replacing avionic indication and gauging components in aircraft systems;removing and replacing components of aircraft radar systems;removing and replacing components of aircraft electrical power control, distribution and protection systems;removing and replacing components of aircraft passive warning and optical/surveillance systems;removing and replacing components of aircraft pitot static systems;removing and replacing components of aircraft navigational and computing systems",
36,,,,,,,maintaining electrical equipment/systems,,"plan and decommission engineering equipment, processes or facilities",,forming marine sheet metal components using hand and machine tools;forming sheetmetal using hand and machine tools;bending and forming marine sheet metal using hand and machine tools,,,,,,carry out fault diagnosis on engineered systems within food and drink operations;carry out fault diagnosis on services and systems for food and drink operations,,,,"carrying out tests on aircraft environmental systems;carrying out tests on aircraft communication systems;carrying out tests on aircraft passive warning and optical/surveillance systems;carrying out tests on aircraft radar systems;carrying out tests on aircraft pitot static systems;carrying out tests on aircraft flight guidance and control systems;carrying out tests on aircraft fuel and storage systems;carrying out tests on aircraft pneumatic and vacuum systems;carrying out tests on aircraft navigational and computing systems;carrying out tests on aircraft hydraulic systems;carrying out tests on aircraft electrical power control, distribution and protection systems",
37,,,,,,,maintaining electronic equipment/systems,,investigate incidents relating to engineering activities,,"slinging, lifting and moving materials, machinery and components in a marine environment;slinging, lifting and moving materials and components;moving materials and components in a marine environment",,,,,,understand how to carry out fault diagnosis on engineered systems within food and drink operations;understand how to carry out fault diagnosis on services and systems for food and drink operations,,,,"removing and replacing components of aircraft environmental systems;removing and replacing components of aircraft power transmission systems;removing and replacing aircraft power plant and components;removing and replacing components of aircraft cabin systems, equipment and furnishings;removing and replacing components of aircraft hydraulic systems",
38,,,,,,,maintaining and testing process instrumentation and control devices,,leading electrical/electronic product manufacturing or testing activities ;leading mechanical manufacturing or inspection activities,,carrying out the installation of cable runs and circuits in marine structures;installing cable runs and circuits in marine structures,,,,,,understand how to assist in the installation of equipment to produce an engineered system in food and drink operations;understand how to assist in the installation of engineering services equipment used in food and drink operations,,,,carrying out checks and tests on replaced airframe major assemblies;carrying out tests on aircraft power transmission systems,
39,,,,,,,wiring and testing programmable controller based systems,,carrying out maintenance activities on mechanical equipment within an engineered system ;carrying out maintenance activities on mechanical equipment,,carrying out modifications and rewiring of marine electrical circuits;modifying and rewiring electrical circuits in yachts and boats;modifying and rewiring marine electrical circuits,,,,,,maintain fresh water distribution systems and equipment used in food and drink operations;maintain heating and ventilation systems used in food and drink operations;maintain air conditioning and ventilation systems used in food and drink operations,,,,overhauling aircraft gas turbine engines by module replacement;stripping and rebuilding prototype engines for test;overhauling aircraft gas turbine engine gearbox assemblies;overhauling aircraft gas turbine engine combustion assemblies;stripping and rebuilding engines for motorsport vehicles;overhauling aircraft gas turbine engine compressor assemblies;overhauling aircraft gas turbine engine turbine assemblies;overhauling aircraft piston engines,
40,,,,,,,"using wood for pattern, modelmaking and other engineering applications",,,,bending and forming marine pipe using hand methods;bending and forming marine pipe using bending machines;using hand methods to bend and form marine pipe;using bending machines to form marine pipe,,,,,,understand how to maintain heating and ventilation systems used in food and drink operations;understand how to maintain air conditioning and ventilation systems used in food and drink operations  ;understand how to maintain compressed air systems and equipment used in food and drink operations;understand how to maintain waste/foul water distribution systems and equipment used in food and drink operations;understand how to maintain fresh water distribution systems and equipment used in food and drink operations,,,,"overhauling components of aircraft rotor heads, blades and power transmission equipment;overhauling components of aircraft oxygen equipment",
41,,,,,,,"assembling pattern, model and engineering woodwork components",,,,assembling ferrous marine pipework by mechanical means;joining non-ferrous marine pipework;joining non-metallic marine pipework;joining ferrous marine pipework by mechanical means;assembling non-metallic marine pipework;assembling non-ferrous marine pipework,,,,,,understand how to carry out preventative planned maintenance on instrumentation and control equipment used in food and drink operations ;understand how to carry out preventative planned maintenance on services systems and equipment used in food and drink operations,,,,"overhauling components of aircraft hydraulic equipment;overhauling major components of aircraft airframes;overhauling components of aircraft pneumatic, vacuum and environmental equipment;overhauling components of aircraft fuel and lubrication equipment",
42,,,,,,,producing composite mouldings using pre-preg techniques,,,,installing marine pipework and components;assisting in the installation of marine pipework and components,,,,,,carry out fault diagnosis on instrumentation and control equipment and circuits used in food and drink operations,,,,producing aeronautical electrical engineering drawings using computer aided techniques;producing aeronautical electronic engineering drawings using computer aided techniques,
43,,,,,,,finishing surfaces by applying coatings or coverings,,,,preparing and testing marine pipework systems;assisting in the testing of marine pipework systems,,,,,,,,,,producing aeronautical mechanical engineering drawings using computer aided techniques;produce detailed drawings using computer aided techniques,
44,,,,,,,producing cad models (drawings) using a cad system,,,,joining marine materials by manual torch brazing and soldering;carrying out manual torch brazing and soldering of marine pipework;joining marine pipework by manual torch brazing and soldering;joining materials using manual torch brazing and soldering,,,,,,,,,,producing aircraft composite mouldings using atl/afp laminating techniques;producing aircraft composite mouldings using resin film infusion techniques;using pre-preg laminating techniques to produce composite mouldings;using resin film infusion techniques to produce composite mouldings;producing aircraft composite mouldings using pre-preg laminating techniques;using atl/afp laminating techniques to produce composite mouldings,
45,,,,,,,producing engineering project plans,,,,marking off for the manufacture of marine steelwork components;marking off marine structural steelwork components,,,,,,,,,,trimming aircraft composite mouldings using hand tools;using hand tools to trim composite mouldings,
46,,,,,,,using computer software packages to assist with engineering activities,,,,forming marine components using a power press;shaping marine steelwork using a power press,,,,,,,,,,maintaining fuel systems on aircraft;maintaining hydraulic systems on aircraft;maintaining turbine engines on aircraft;maintaining oxygen systems on aircraft;maintaining propeller/propulsor systems on aircraft;maintaining rotor systems on rotorcraft;maintaining engine water injection systems on aircraft;maintaining auto flight systems on aircraft;maintaining flight control systems on rotorcraft;maintaining power plant on aircraft;maintaining rotor blade and tail pylon folding systems on rotorcraft;maintaining indicating and recording systems on aircraft;maintaining communication systems on aircraft;maintaining wings on aircraft;maintaining pneumatic systems on aircraft;maintaining air conditioning systems on aircraft;maintaining engine starting systems on aircraft;maintaining vacuum systems on aircraft;maintaining radar systems on aircraft;maintaining landing gear on aircraft;maintaining cabin systems on aircraft;maintaining engine exhaust systems on aircraft;maintaining lubricating oil systems on aircraft;maintaining engine indicating systems on aircraft;maintaining ice and rain protection systems on aircraft;maintaining electrical power systems on aircraft;maintaining lighting systems on aircraft;maintaining stabilisers on aircraft;maintaining equipment and furnishings on aircraft;maintaining reciprocating engine turbo-supercharging systems on aircraft;maintaining bleed air systems on aircraft;maintaining fire protection systems on aircraft;maintaining rotor drive systems on rotorcraft,
47,,,,,,,conducting business improvement activities,,,,marking out for manufacture and assembly of marine wooden components;marking out for the manufacture of structural components for wooden yachts and boats;marking out for the manufacture of wooden furniture/outfitting components for yachts and boats;marking out for the manufacture and assembly of marine wooden components,,,,,,,,,,,
48,,,,,,,"general machining, fitting and assembly applications",,,,marking out marine sheet metalwork;marking out for fabrication and assembly of marine sheet metalwork,,,,,,,,,,,
49,,,,,,,general electrical and electronic engineering applications,,,,preparing loads for moving;setting up and preparing loads for moving,,,,,,,,,,,
50,,,,,,,general maintenance engineering applications,,,,preparing for rigging activities;carrying out preparations for rigging activities,,,,,,,,,,,
51,,,,,,,joining public service vehicle components by mechanical processes,,,,maintaining rigging and lifting equipment;carrying out maintenance on rigging and lifting equipment,,,,,,,,,,,
52,,,,,,,cutting marine steelwork using shearing machines;cutting plate and sections using shearing machines,,,,preparing docks and slips for vessel operations;prepare docks and slips for the receiving of boats and yachts;assisting in the preparation of docks and slips for vessel operations,,,,,,,,,,,
53,,,,,,,cutting materials using saws and abrasive discs;cutting marine steelwork using saws and abrasive discs,,,,carrying out the installation of rigging and lifting equipment;installing rigging and lifting equipment,,,,,,,,,,,
54,,,,,,,drilling and finishing holes in marine steelwork;producing holes using drilling machines;producing and finishing holes using drilling machines,,,,preparing marine material surfaces using hand and mechanical tools;preparing yacht and boat surfaces for coating/finishing using hand and;preparing yacht and boat surfaces for painting/finishing;carrying out patch preparation of material surfaces using hand and mechanical tools,,,,,,,,,,,
55,,,,,,,erecting structural steelwork;assembling structural steelwork,,,,applying marine coatings using spray methods;carrying out the application of marine coatings using spray methods;applying surface coatings to yachts and boats using spray methods;applying holding primer by spray methods,,,,,,,,,,,
56,,,,,,,cutting and shaping marine sheet metal using hand and machine tools;cutting sheet metal to shape using hand and machine tools,,,,applying yacht and boat paints/coating materials manually;applying surface coatings manually to yachts and boats;applying marine coatings manually;applying yacht and boat paints/coatings manually;carrying out the manual application of marine coatings,,,,,,,,,,,
57,,,,,,,welding materials using mechanised arc welding equipment;welding materials with mechanised arc welding equipment,,,,installing marine navigational equipment and systems;installing marine communication equipment and systems,,,,,,,,,,,
58,,,,,,,assisting in the installation of wooden furniture/outfitting units for yachts and boats;assisting in the installation of wooden furniture/outfitting units in yachts and boats,,,,"setting to work, testing and trialling marine electrical power generation and distribution equipment and systems;setting to work, testing and trialling marine electrical rotating machines and domestic equipment",,,,,,,,,,,
59,,,,,,,producing components using hand fitting techniques;making components using hand tools and fitting techniques,,,,"setting to work, testing and trialling marine computer equipment and systems;setting to work, testing and trialling marine navigational equipment and systems",,,,,,,,,,,
60,,,,,,,producing mechanical assemblies;assembling mechanical components,,,,"setting to work, testing and trialling marine lighting, alarm, detection and monitoring equipment and systems;setting to work, testing and trialling marine weapons equipment and systems",,,,,,,,,,,
61,,,,,,,"preparing and using manual metal arc welding equipment;preparing and using semi-automatic mig, mag and flux cored arc welding equipment;using semi-automatic mig or mag welding equipment;using manual oxy-fuel gas welding equipment;using manual metal arc welding equipment;using manual tig welding equipment;preparing and using manual tig or plasma-arc welding equipment",,,,"maintaining marine electrical rotating machines and domestic equipment;maintaining marine navigational equipment and systems;maintaining marine computer equipment and systems;maintaining marine lighting, alarm, detection and monitoring equipment and systems;maintaining electronic equipment in yachts and boats;maintaining marine electrical power generation and distribution equipment and systems;maintaining marine communication equipment and systems;maintaining marine sensor equipment and systems",,,,,,,,,,,
62,,,,,,,applying heat treatment to engineering materials;carrying out heat treatment of engineering materials,,,,overhauling electrical marine rotating machines and domestic equipment;overhauling and repairing marine electrical rotating machines and domestic equipment,,,,,,,,,,,
63,,,,,,,preparing and using cnc milling machines;preparing and using cnc turning machines;preparing and using cnc machining centres,,,,siting and levelling for the assembly of marine structures;assembling sub-assemblies and components to produce major marine structural assemblies,,,,,,,,,,,
64,,,,,,,fitting sub assemblies and components to public service vehicles;assembling structural sub assemblies to produce a public service vehicle,,,,installing sponson assemblies onto the rigid inflatable boat (rib);installing skirting assemblies onto the hovercraft;installing marine wooden components;installing wooden furniture/outfitting units in yachts and boats;installing marine outfitting components and assemblies,,,,,,,,,,,