NOS file name,Status as per ActiveIS,Status extracted from pdf
assess-the-configuration-of-metered-areas-eusldc1.pdf,original,imported
astaa1.pdf,original,imported
astag12.pdf,original,imported
astb6.pdf,original,imported
astbus301.pdf,original,imported
astbus302.pdf,original,imported
astbus406.pdf,original,imported
astbus408.pdf,original,imported
astbus410.pdf,original,imported
astbus412.pdf,original,imported
astcs31.pdf,original,imported
astd2.pdf,original,imported
astd6.pdf,original,imported
astd7.pdf,original,imported
aste1.pdf,original,imported
astf6.pdf,original,imported
astf9.pdf,original,imported
astfm306.pdf,original,imported
astfm307.pdf,original,imported
astfm310.pdf,original,imported
astfm311.pdf,original,imported
astfm313.pdf,original,imported
astfm315.pdf,original,imported
astfm316.pdf,original,imported
astfm317.pdf,original,imported
astfm318.pdf,original,imported
astfm319.pdf,original,imported
asth02.pdf,original,tailored
asth302.pdf,original,imported
asth315.pdf,original,imported
asth324 x.pdf,original,imported
asth326.pdf,original,imported
asth401.pdf,original,imported
asth405.pdf,original,imported
asth416.pdf,original,imported
asth417.pdf,original,imported
asth418.pdf,original,imported
asth419.pdf,original,imported
asth420.pdf,original,imported
asthss7.pdf,original,tailored
astipc13.pdf,original,imported
astll1.pdf,original,tailored
astll10.pdf,original,tailored
astll3.pdf,original,tailored
astll5.pdf,original,tailored
astll7.pdf,original,tailored
astll8.pdf,original,tailored
astll9.pdf,original,tailored
astpc216.pdf,original,tailored
astpssf1.pdf,original,imported
astpssf2.pdf,original,imported
astpssf3.pdf,original,imported
astpssf4.pdf,original,imported
astrbm14.pdf,original,imported
astrbm15.pdf,original,imported
astrbm22.pdf,original,imported
astrl10.pdf,original,tailored
astrl11.pdf,original,tailored
astrl4.pdf,original,tailored
astrl7.pdf,original,tailored
astsal15.pdf,original,imported
astsal18.pdf,original,imported
astslp13.pdf,original,tailored
astslp15.pdf,original,tailored
astsrp1.pdf,original,imported
ccsba105.pdf,original,imported
ccsca19l.pdf,original,tailored
ccsccs15l.pdf,original,tailored
ccsccs16l.pdf,original,tailored
ccsccs19.pdf,original,empty
ccsccs22.pdf,original,tailored
ccsccs28.pdf,original,tailored
ccsccs29.pdf,original,tailored
ccsccs30.pdf,original,tailored
ccsccs31.pdf,original,tailored
ccsccs33.pdf,original,tailored
ccsccs34.pdf,original,tailored
ccsccs35.pdf,original,tailored
ccsccs36.pdf,original,tailored
ccsccs37.pdf,original,tailored
ccsccs3l.pdf,original,tailored
ccsccs40.pdf,original,tailored
ccsccs42.pdf,original,tailored
ccsccs43.pdf,original,tailored
ccsccs47.pdf,original,tailored
ccsccs4l.pdf,original,tailored
ccsccs80.pdf,original,tailored
ccsccs81.pdf,original,tailored
ccsccs90.pdf,original,tailored
ccsch55.pdf,original,tailored
ccsdes12.pdf,original,imported
ccsdes13.pdf,original,tailored
ccsdes25.pdf,original,tailored
ccsdes26.pdf,original,tailored
ccsdes27.pdf,original,tailored
ccsdes30.pdf,original,tailored
ccsdes31.pdf,original,tailored
ccsdes39.pdf,original,tailored
ccsdes6.pdf,original,tailored
ccsfl14.pdf,original,tailored
ccsfl15.pdf,original,tailored
ccsfl16.pdf,original,tailored
ccsfl17.pdf,original,tailored
ccsfl18.pdf,original,tailored
ccsfl19.pdf,original,tailored
ccsfl2.pdf,original,tailored
ccsfl20.pdf,original,tailored
ccsfl21.pdf,original,tailored
ccsfl22.pdf,original,tailored
ccsfl23.pdf,original,tailored
ccsfl24.pdf,original,tailored
ccsfl25.pdf,original,tailored
ccsfl26.pdf,original,tailored
ccsfl27.pdf,original,tailored
ccsfl28.pdf,original,tailored
ccsfl29.pdf,original,tailored
ccsfl3.pdf,original,tailored
ccsfl30.pdf,original,tailored
ccsfl31.pdf,original,tailored
ccsfl32.pdf,original,tailored
ccsfl33.pdf,original,tailored
ccsfl34.pdf,original,tailored
ccsfl39.pdf,original,tailored
ccsfl40.pdf,original,tailored
ccsfl41.pdf,original,tailored
ccsfl42.pdf,original,tailored
ccsfl43.pdf,original,tailored
ccsfl44.pdf,original,tailored
ccsfl46.pdf,original,tailored
ccsfl48.pdf,original,tailored
ccsfl49.pdf,original,tailored
ccsfl50.pdf,original,tailored
ccsfl52.pdf,original,tailored
ccsfl53.pdf,original,tailored
ccsfl54.pdf,original,tailored
ccsfl56.pdf,original,tailored
ccsfl57.pdf,original,tailored
ccsfl58.pdf,original,tailored
ccsfl60.pdf,original,tailored
ccsfl61.pdf,original,tailored
ccsfl62.pdf,original,tailored
ccsfl8.pdf,original,tailored
ccsfl9.pdf,original,tailored
ccsmt19.pdf,original,empty
cfalang3.5.pdf,original,empty
cfalg3.pdf,original,tailored
cfalg4.pdf,original,tailored
cfamle14.pdf,original,imported
cfamle5.pdf,original,imported
cfamlf18.pdf,original,imported
cfas4.6l.pdf,original,tailored
cfas4.7l.pdf,original,tailored
cogn422.pdf,original,imported
cogn424.pdf,original,imported
cogn425.pdf,original,imported
cogn426.pdf,original,imported
cogn427.pdf,original,imported
cogn428.pdf,original,imported
cogn434.pdf,original,tailored
cogpack3.pdf,original,tailored
cogpack4.pdf,original,tailored
cogpack45.pdf,original,tailored
cogpem2.pdf,original,empty
cogpem20.pdf,original,empty
cogpem21.pdf,original,empty
cogpem22.pdf,original,empty
cogpem23.pdf,original,empty
cogpem24.pdf,original,empty
cogpem25.pdf,original,empty
cogpem26.pdf,original,tailored
cogpem27.pdf,original,tailored
cogpem29.pdf,original,tailored
cogpem47.pdf,original,tailored
cogpem48.pdf,original,empty
cogpem49.pdf,original,empty
cogpem51.pdf,original,empty
cogpem52.pdf,original,tailored
cogpem53.pdf,original,tailored
cogpem55.pdf,original,tailored
cogpem56.pdf,original,tailored
cogpem57.pdf,original,tailored
cogpem58.pdf,original,tailored
cogpem59.pdf,original,tailored
cogpem61.pdf,original,tailored
cogpem62.pdf,original,tailored
cogpem63.pdf,original,tailored
cogpem64.pdf,original,tailored
cogpem65.pdf,original,tailored
cogpem66.pdf,original,tailored
cogpem67.pdf,original,tailored
cogpem69.pdf,original,tailored
cogpem70.pdf,original,tailored
cogpem71.pdf,original,tailored
cogpem72.pdf,original,tailored
cogpem73.pdf,original,tailored
cogpem74.pdf,original,tailored
cogpem75.pdf,original,tailored
cogpem76.pdf,original,tailored
cogpem77.pdf,original,tailored
cogpem78.pdf,original,tailored
cogpem79.pdf,original,tailored
cogpem80.pdf,original,tailored
cogpoly1.pdf,original,tailored
cogwt2.pdf,original,tailored
cogwt22.pdf,original,tailored
cogwt24.pdf,original,tailored
cogwt36.pdf,original,tailored
cosbimb12.2.pdf,,original
cosbimb15.1.pdf,,original
cosbimb15.2.pdf,,original
cosbimb15.pdf,,original
cosbimb21.2.pdf,,original
cosbimb22.2.pdf,,original
cosbimb23.1.pdf,,original
cosbimb23.2.pdf,,original
cosbimb23.3.pdf,,original
cosbimb24.1.pdf,,original
cosbimb24.2.pdf,,original
cosbimb25.1.pdf,,original
cosbimb25.2.pdf,,original
cosbimb25.3.pdf,,original
cosbimb42.1.pdf,,original
cosbimb51.1.pdf,,original
cosbimb51.2.pdf,,original
cosbimb51.3.pdf,,original
cosbimb51.4.pdf,,original
cosbimb51.pdf,,original
cosbimb52.2.pdf,,original
cosbimb53.1.pdf,,original
cosbimb53.2.pdf,,original
cosbimb53.3.pdf,,original
cosbimb54.1.pdf,,original
cosbimb54.2.pdf,,original
cosbimb55.1.pdf,,original
cosbimb55.2.pdf,,original
cosbimb55.3.pdf,,original
cosbimb55.5.pdf,,original
cosbimb61.1.pdf,,original
cosbimb61.2.pdf,,original
cosbimb62.1.pdf,,original
cosbimb62.2.pdf,,original
cosbimb63.1.pdf,,original
cosbimb63.2.pdf,,original
cosbimd12.2.pdf,,original
cosbimd12.3.pdf,,original
cosbimd21.1.pdf,,original
cosbimd21.3.pdf,,original
cosbimd21.4.pdf,,original
cosbime41.1.pdf,,original
cosbime41.2.pdf,,original
cosbime42.1.pdf,,original
cosbime43.1.pdf,,original
cosbime43.2.pdf,,original
cosbimf12.1.pdf,,original
cosbimf12.2.pdf,,original
cospi26.pdf,,original
cospi27.pdf,,original
cospi28.pdf,,original
cospm25.pdf,,original
cosvr180l.pdf,,original
cosvr181l.pdf,,original
cosvr182l.pdf,,original
cosvr289l.pdf,,original
cosvr290.pdf,,original
cosvr290l.pdf,,original
cpc 517.pdf,original,tailored
eskicm2.pdf,,original
eskitp4083.pdf,,original
eusdsg3-20.pdf,original,imported
eusdsg3-42.pdf,original,imported
eusdsg3.19.pdf,original,imported
eusdsg3.21.pdf,original,imported
eusdsg3.22.pdf,original,imported
eusdsg3.23.pdf,original,imported
eusdsg3.24.pdf,original,imported
eusdsg3.25.pdf,original,imported
eusdsg3.26.pdf,original,imported
eusdsg3.27.pdf,original,imported
eusdsg3.28.pdf,original,imported
eusdsg3.29.pdf,original,imported
eusdsg3.30.pdf,original,imported
eusdsg3.31.pdf,original,imported
eusdsg3.32.pdf,original,imported
eusdsg3.33.pdf,original,imported
eusdsg3.34.pdf,original,imported
eusdsg3.35.pdf,original,imported
eusdsg3.36.pdf,original,imported
eusdsg3.37.pdf,original,imported
eusdsg3.38.pdf,original,imported
eusdsg3.39.pdf,original,imported
eusdsg3.40.pdf,original,imported
eusdsg3.41.pdf,original,imported
eusdsg3.43.pdf,original,imported
eusdsg3.44.pdf,original,imported
eusdsg3.45.pdf,original,imported
eusdsg3.46.pdf,original,imported
eusdsg3.47.pdf,original,imported
eusdsg3.49.pdf,original,imported
eusdsg3.50.pdf,original,imported
eusdsg3.pdf,original,imported
eusdsg3_18l.pdf,original,imported
eusence21.pdf,original,imported
eusepus046l.pdf,original,imported
eusepus047l.pdf,original,imported
eusepus048l.pdf,original,imported
eusepus049l.pdf,original,imported
eusepus050l.pdf,original,imported
eusepus051l.pdf,original,imported
eusgno101.pdf,original,imported
eusgno103.pdf,original,imported
eusgno104.pdf,original,imported
eusgno105.pdf,original,imported
eusgno106.pdf,original,imported
eusgno213m.pdf,original,imported
eusgno301.pdf,original,imported
eusgno303.pdf,original,imported
eusgno304.pdf,original,imported
eusgno305.pdf,original,imported
eusgno306.pdf,original,imported
eusgno308.pdf,original,imported
eusgno309.pdf,original,imported
eusgno310.pdf,original,imported
eusmws7.pdf,original,imported
eusra341.pdf,original,imported
eussam06l.pdf,original,imported
eusucco10.pdf,original,imported
eusucco9.pdf,original,imported
eusunpm6.pdf,original,imported
euswm34.pdf,original,imported
euswm35.pdf,original,empty
euswm36.pdf,original,imported
euswm39.pdf,original,imported
euswm40.pdf,original,imported
euswm41.pdf,original,imported
euswm42.pdf,original,imported
euswm43.pdf,original,imported
euswm44.pdf,original,imported
euswm45.pdf,original,imported
euswm46.pdf,original,imported
euswm47.pdf,original,imported
euswm48.pdf,original,imported
euswm49.pdf,original,imported
euswm50.pdf,original,imported
euswm51.pdf,original,imported
euswm52.pdf,original,imported
euswm53.pdf,original,imported
euswm54.pdf,original,imported
euswm55.pdf,original,imported
euswm56.pdf,original,imported
euswm57.pdf,original,imported
euswm58.pdf,original,imported
euswm59.pdf,original,imported
euswm60.pdf,original,imported
euswm61.pdf,original,imported
euswm62.pdf,original,imported
euswm63.pdf,original,imported
euswm64.pdf,original,imported
euswm65.pdf,original,imported
euswm66.pdf,original,imported
euswm67.pdf,original,imported
euswm68.pdf,original,imported
euswo35l.pdf,original,imported
euswo37l.pdf,original,imported
euswo39.pdf,original,imported
euswo40.pdf,original,imported
euswo41.pdf,original,imported
euswo42l.pdf,original,imported
euswo49l.pdf,original,imported
euswo50l.pdf,original,imported
euswo51l.pdf,original,imported
eusws04.pdf,original,imported
eusws05.pdf,original,imported
euswt01l.pdf,original,imported
imiag10.pdf,original,tailored
imiag12.pdf,original,tailored
imiag13.pdf,original,tailored
imiag2.pdf,original,tailored
imiag3.pdf,original,tailored
imiag4.pdf,original,tailored
imiag5.pdf,original,tailored
imiag6.pdf,original,empty
imiag7.pdf,original,tailored
imiag8.pdf,original,tailored
imiarb21.pdf,original,tailored
imiarb37.pdf,original,tailored
imiarbg11.pdf,original,tailored
imimcbp03.pdf,original,tailored
imivf32l.pdf,original,tailored
imivrg15v2.pdf,original,tailored
imphs102kv1.pdf,original,tailored
imphs106sv1.pdf,original,tailored
imphs107kv1.pdf,original,tailored
imphs108sv1.pdf,original,tailored
imphs109kv1.pdf,original,tailored
imphs110sv1.pdf,original,tailored
imphs111kv1.pdf,original,tailored
impsd403sv1.pdf,original,tailored
impsd404kv1.pdf,original,tailored
impsd405sv1.pdf,original,tailored
impsd406kv1.pdf,original,tailored
impsd409sv1.pdf,original,tailored
impsd410kv1.pdf,original,tailored
impsd411sv1.pdf,original,tailored
impsd412kv1.pdf,original,tailored
lancs2.pdf,,original
lancs29.pdf,,original
lancs30.pdf,,original
lsicld2.1.1 v2.pdf,original,tailored
lsicld3.2.2 v2.pdf,original,tailored
lsicld3.2.3 v2.pdf,original,tailored
lsicld4.3.2 v2.pdf,original,tailored
lsicld4.3.3 v2.pdf,original,tailored
lsicld5.1.2 v2.pdf,original,tailored
lsicld5.2.1 v2.pdf,original,tailored
lsicld5.2.2 v2.pdf,original,tailored
lsicld5.3.2 v2.pdf,original,tailored
lsicld5.4.1 v2.pdf,original,tailored
lsicld5.4.2 v2.pdf,original,tailored
lsicm22.pdf,original,imported
lsifl306v2.pdf,original,imported
lsifl307v2.pdf,original,imported
lsifl308v2.pdf,original,imported
lsifl406v2.pdf,original,tailored
lsifl409v2.pdf,original,tailored
lsiilara6.pdf,original,imported
lsiilarb1.pdf,original,imported
lsiilarg4.pdf,original,imported
lsiilarg5.pdf,original,imported
lsiilarg6.pdf,original,imported
lsiilarh1.pdf,original,imported
lsiilarh10.pdf,original,imported
lsiilarh2.pdf,original,imported
lsiilarh3.pdf,original,imported
lsiilarh4.pdf,original,imported
lsiilarh6.pdf,original,imported
lsiilarh7.pdf,original,imported
lsiilarh9.pdf,original,tailored
lsiwwp318.pdf,original,tailored
lsiwwp318v2.pdf,original,imported
lsiwwp403.pdf,original,tailored
lsiwwp403v2.pdf,original,imported
lsiwwp409.pdf,original,tailored
lsiwwp409v2.pdf,original,imported
lsiyw2.3.1 v2.pdf,original,tailored
lsiyw3.3.1 v2.pdf,original,tailored
lsiyw3.3.2 v2.pdf,original,tailored
lsiyw3.3.3 v2.pdf,original,tailored
lsiyw4.3.1 v2.pdf,original,tailored
lsiyw4.3.2 v2.pdf,original,tailored
lsiyw4.3.3 v2.pdf,original,tailored
lsiyw4.4.2 v2.pdf,original,tailored
lsiyw5.1.2 v2.pdf,original,tailored
lsiyw5.2.1 v2.pdf,original,tailored
lsiyw5.2.2 v2.pdf,original,tailored
lsiyw5.2.3 v2.pdf,original,tailored
lsiyw5.3.2 v2.pdf,original,tailored
lsiyw5.4.1 v2.pdf,original,tailored
mpqmg12.pdf,original,empty
mpqmg24.pdf,original,empty
mpqmg25.pdf,original,empty
mpqmg26.pdf,original,empty
mpqmg34.pdf,original,empty
mpqmg48.pdf,original,empty
mpqmg54.pdf,original,empty
mpqmg63.pdf,,original
mpqpl386.pdf,original,empty
mpqpl388.pdf,original,empty
mpqpl389.pdf,original,empty
mpqpl390.pdf,original,empty
mpqpl391.pdf,original,empty
mpqpl392.pdf,original,empty
mpqpl393.pdf,original,empty
mpqpl394.pdf,original,empty
mpqpl397.pdf,original,empty
mpqpl399.pdf,original,empty
mpqvg18.pdf,original,empty
mpqvg19.pdf,original,empty
mpqvg20.pdf,original,empty
ppl 4gen18.pdf,original,tailored
ppl1foh10l.pdf,original,imported
ppl1foh2l.pdf,original,imported
ppl1foh3l.pdf,original,imported
ppl1foh4l.pdf,original,imported
ppl1foh9l.pdf,original,imported
ppl2foh10l.pdf,original,imported
ppl2foh5l.pdf,original,imported
ppl2foh6l.pdf,original,imported
ppl2foh7l.pdf,original,imported
ppl2foh9l.pdf,original,imported
ppl2gen110l.pdf,original,imported
ppl2gen5l.pdf,original,imported
ppl2gen6l.pdf,original,imported
ppl2gen7l.pdf,original,imported
ppl2gen8l.pdf,original,imported
ppl2hk4l.pdf,original,imported
ppl2hk5l.pdf,original,imported
pplagso18.pdf,original,tailored
pplagso19.pdf,original,tailored
pplagso20.pdf,original,tailored
pplagso21.pdf,original,tailored
pplagso26.pdf,original,tailored
pplagso27.pdf,original,tailored
pplaog70.pdf,original,imported
pplaog73.pdf,original,imported
pplaog74.pdf,original,imported
pplaog75.pdf,original,imported
pplaog77.pdf,original,imported
pplaog78.pdf,original,imported
pplaog79.pdf,original,imported
pplaog80.pdf,original,imported
pplaog81.pdf,original,imported
pplaog82.pdf,original,imported
pplaog83.pdf,original,imported
pplcc24.pdf,original,imported
pplcc25.pdf,original,imported
pplcc26.pdf,original,imported
pplcc27.pdf,original,imported
pplcc28.pdf,original,imported
ppldt1.pdf,original,imported
ppldt16.pdf,original,imported
ppleva1.pdf,,original
pplgs2023.pdf,original,tailored
pplgs2025.pdf,original,imported
pplgs2026.pdf,original,tailored
pplgs2028.pdf,original,tailored
pplgs2030.pdf,original,tailored
pplgs2031.pdf,original,tailored
pplgs2032.pdf,original,tailored
pplgs2033.pdf,original,tailored
pplgs2034.pdf,original,tailored
pplgs3007.pdf,original,tailored
pplgs3012.pdf,original,tailored
pplgs3015.pdf,original,tailored
pplgs3017.pdf,original,tailored
pplgs3018.pdf,original,tailored
pplgs3019.pdf,original,tailored
pplhsl14l.pdf,original,imported
pplhsl1l.pdf,original,tailored
pplhsl23l.pdf,original,imported
pplhsl24l.pdf,original,tailored
pplhsl28l.pdf,original,tailored
pplhsl2l.pdf,original,tailored
pplhsl31l.pdf,original,tailored
pplhsl5l.pdf,original,imported
pplmrpt01.pdf,original,imported
pplmrpt02.pdf,original,imported
pplmrpt03.pdf,original,imported
pplmrpt05.pdf,original,tailored
pplmrpt06.pdf,original,tailored
pplmrpt08.pdf,original,imported
pplmrpt11.pdf,original,tailored
pplmrpt12.pdf,original,tailored
pplmrpt14.pdf,original,imported
pplmrpt15.pdf,original,imported
pplmrpt16.pdf,original,imported
pplmrpt18.pdf,original,imported
pplmrpt19.pdf,original,imported
pplmrpt20.pdf,original,imported
pplros04.pdf,original,imported
pplros06.pdf,original,imported
pplros09.pdf,original,imported
pplrpto05.pdf,original,imported
pplrpto14.pdf,original,imported
pplrpto15.pdf,original,imported
pplrpto16.pdf,original,imported
pplrpto17.pdf,original,imported
pplrpto18.pdf,original,imported
pplrpto22.pdf,original,imported
pplrpto23.pdf,original,tailored
pplrpto28.pdf,original,imported
pplrpto34.pdf,original,tailored
pplrpto36.pdf,original,imported
ppltt10l.pdf,original,tailored
pplukw09.pdf,original,tailored
pplukw10.pdf,original,tailored
pplukw11.pdf,original,tailored
pplukw12.pdf,original,tailored
pplukw17.pdf,original,tailored
proag14.pdf,original,tailored
proag16.pdf,original,tailored
prodod17.pdf,original,imported
prodod23.pdf,original,imported
prodod25.pdf,original,imported
prodod26.pdf,original,imported
prodod27.pdf,original,imported
prodod28.pdf,original,imported
prodod29.pdf,original,imported
prodod30.pdf,original,imported
prodod31.pdf,original,imported
prodod32.pdf,original,imported
prodod33.pdf,original,imported
prodod34.pdf,original,imported
prodod35.pdf,original,imported
prodod36.pdf,original,imported
proew08l.pdf,,original
proffi246.pdf,original,imported
progm10.pdf,original,empty
promc01.pdf,original,tailored
promg18.pdf,original,imported
promg23.pdf,original,imported
promg27.pdf,original,imported
promg28.pdf,original,imported
promg29.pdf,original,imported
promg30.pdf,original,imported
promg44.pdf,original,imported
promg45.pdf,original,imported
promg46.pdf,original,imported
promg6.pdf,original,imported
promg7.pdf,original,imported
promg8.pdf,original,imported
promm10.pdf,original,tailored
promm11.pdf,original,tailored
promm12.pdf,original,tailored
promm9.pdf,original,tailored
promr09.pdf,original,tailored
promr10.pdf,original,tailored
promr11.pdf,original,tailored
promr13.pdf,original,tailored
proms1.pdf,original,imported
proms10.pdf,original,imported
proms11.pdf,original,imported
proms12.pdf,original,imported
proms13.pdf,original,imported
proms14.pdf,original,imported
proms15.pdf,original,imported
proms16.pdf,original,imported
proms17.pdf,original,imported
proms4.pdf,original,imported
proms5.pdf,original,imported
proms6.pdf,original,imported
proms7.pdf,original,imported
proms8.pdf,original,imported
proms9.pdf,original,imported
promt11.pdf,original,imported
promt12.pdf,original,imported
promt13.pdf,original,imported
promt14.pdf,original,imported
promt15.pdf,original,imported
promt16.pdf,original,imported
promt19.pdf,original,imported
promt2.pdf,original,imported
promt22.pdf,original,imported
promt23.pdf,original,imported
promt26.pdf,original,imported
promt27.pdf,original,imported
promt3.pdf,original,imported
promt5.pdf,original,imported
promt6.pdf,original,imported
promt7.pdf,original,imported
promt8.pdf,original,imported
promt9.pdf,original,imported
propa11.pdf,original,empty
propa523.pdf,original,tailored
propbpo8.pdf,original,imported
propo08.pdf,original,tailored
prosf226.pdf,original,imported
prosf311.pdf,original,imported
prosf314.pdf,original,imported
prosf317.pdf,original,imported
prosf320.pdf,original,imported
prosf352.pdf,original,imported
prosf366.pdf,original,imported
prosf368.pdf,original,imported
prosf369.pdf,original,imported
prosf374.pdf,original,imported
prosf376.pdf,original,imported
prosf377.pdf,original,imported
prosf378.pdf,original,imported
prosf379.pdf,original,imported
prosf380.pdf,original,imported
prosmd17.pdf,original,imported
prosmd27.pdf,original,imported
prosmd28.pdf,original,imported
prowb5.pdf,original,tailored
prowb7.pdf,original,imported
reconcile-notes-and-coin-and-consignments-sfscsh7.pdf,original,tailored
scdccld0201 .pdf,,tailored
scdccld0301.pdf,original,tailored
scdccld0325 .pdf,original,tailored
scdccld0401 .pdf,original,tailored
scdcpc406.pdf,original,imported
scdcpc514.pdf,original,tailored
scdcpc516.pdf,original,tailored
scdcpc517.pdf,original,tailored
scdhsc0024.pdf,,original
scdhsc0025.pdf,,original
scdhsc0026.pdf,,original
scdhsc0028.pdf,,original
scdhsc0214.pdf,,original
scdhsc0224.pdf,,original
scdhsc0386.pdf,original,tailored
scdhsc0438.pdf,original,tailored
scdhsc0439.pdf,original,tailored
scdldss308.pdf,original,tailored
scdldss309.pdf,original,tailored
scdldss310l.pdf,original,imported
scdldss311.pdf,original,tailored
scdldss312.pdf,original,tailored
scdldss313.pdf,original,imported
scdldss315.pdf,original,imported
scdldss317.pdf,original,tailored
scdldss318.pdf,original,tailored
scdldss319.pdf,original,tailored
scdldss320.pdf,original,tailored
scdldss321.pdf,original,imported
scdldss323.pdf,original,imported
scdldss324.pdf,original,imported
scdldss325.pdf,original,imported
scdldss326.pdf,original,imported
scdldss327.pdf,original,imported
scdldss328.pdf,original,imported
scdldss407.pdf,original,imported
scdldss408.pdf,original,tailored
scdldss409.pdf,original,imported
scdldss410l.pdf,original,imported
scdldss411.pdf,original,imported
scdldss415.pdf,original,tailored
scdldss416.pdf,original,imported
scdldss417.pdf,original,imported
scdldss418.pdf,original,tailored
scdldss419l.pdf,original,tailored
scdldss420.pdf,original,tailored
scdldss421.pdf,original,tailored
scdldss425.pdf,original,tailored
scdldss426.pdf,original,tailored
scdldss427.pdf,original,tailored
scdldss428.pdf,original,tailored
scdlmcsa5.pdf,original,tailored
scdlmcsc2.pdf,original,tailored
scdlmcse11.pdf,original,tailored
scdlmcse12.pdf,original,tailored
scdlmcse8.pdf,original,tailored
scdsw5.pdf,original,empty
sembit16.pdf,,original
semms01.pdf,original,tailored
semms02.pdf,original,tailored
semms03.pdf,original,tailored
semms04.pdf,original,tailored
semms05.pdf,original,tailored
semms06.pdf,original,tailored
semms07.pdf,original,tailored
semms08.pdf,original,empty
semms10.pdf,original,empty
semms11.pdf,original,empty
semms12.pdf,original,empty
sempeo243.pdf,original,empty
sempeo244.pdf,original,empty
sfhbe1.pdf,original,tailored
sfhbe6.pdf,original,tailored
sfhbg5.pdf,original,tailored
sfhbg6.pdf,original,tailored
sfhchem1.pdf,original,empty
sfhchem11.pdf,original,empty
sfhchem13.pdf,original,empty
sfhchem2.pdf,original,empty
sfhchem3.pdf,original,empty
sfhchem4.pdf,original,empty
sfhchem5.pdf,original,empty
sfhchem7.pdf,original,empty
sfhchem8.pdf,original,empty
sfhchem9.pdf,original,empty
sfhchs105.pdf,original,empty
sfhpharm50.pdf,original,empty
sfhpharm52.pdf,original,empty
sfhpharm53.pdf,original,empty
sfhpharm54.pdf,original,empty
sfhpharm55.pdf,original,empty
sfhpharm56.pdf,original,empty
sfj ab5.pdf,original,tailored
sfj hf7.pdf,original,imported
sfj6.13.8.pdf,original,empty
sfjab4.pdf,original,imported
sfjad4.pdf,original,imported
sfjae2.pdf,original,imported
sfjaf4.pdf,original,imported
sfjc07.pdf,original,tailored
sfjccaa2.1.pdf,original,tailored
sfjccab1.1.pdf,original,tailored
sfjccab1.2.pdf,original,tailored
sfjccab2.1.pdf,original,tailored
sfjccac1.1.pdf,original,tailored
sfjccad1.1.pdf,original,tailored
sfjccaf1.1.pdf,original,tailored
sfjccaf2.1.pdf,original,tailored
sfjccag1.1.pdf,original,tailored
sfjccah1.1.pdf,original,tailored
sfjccah2.1.pdf,original,tailored
sfjccai1.1.pdf,original,tailored
sfjccaj1.1.pdf,original,tailored
sfjccak1.1.pdf,original,tailored
sfjccba1.1.pdf,original,tailored
sfjccba2.1.pdf,original,tailored
sfjccba3.1.pdf,original,tailored
sfjccba4.1.pdf,original,tailored
sfjccba5.1.pdf,original,tailored
sfjccba7.1.pdf,original,tailored
sfjccba7.2.pdf,original,tailored
sfjccba8.1.pdf,original,tailored
sfjccbb1.1.pdf,original,tailored
sfjccbb2.1.pdf,original,tailored
sfjccbb3.1.pdf,original,tailored
sfjccbc1.1.pdf,original,tailored
sfjccbc2.1.pdf,original,tailored
sfjccbd1.1.pdf,original,tailored
sfjccbd2.1.pdf,original,tailored
sfjccbe1.1.pdf,original,tailored
sfjccbe2.1.pdf,original,tailored
sfjccbe3.1.pdf,original,tailored
sfjccbe4.1.pdf,original,tailored
sfjccbf1.1.pdf,original,tailored
sfjccbf2.1.pdf,original,tailored
sfjccbf3.1.pdf,original,tailored
sfjccbg1.1.pdf,original,tailored
sfjccbh1.1.pdf,original,tailored
sfjccbh2.1.pdf,original,tailored
sfjccbi1.1.pdf,original,tailored
sfjccbi2.1.pdf,original,tailored
sfjccbi3.1.pdf,original,tailored
sfjccbj1.1.pdf,original,tailored
sfjccbk1.1.pdf,original,tailored
sfjccca1.1.pdf,original,tailored
sfjcccb1.1.pdf,original,tailored
sfjcccb2.1.pdf,original,tailored
sfjcccb3.1.pdf,original,tailored
sfjcccc2.1.pdf,original,tailored
sfjcccc3.1.pdf,original,tailored
sfjcccc4.1.pdf,original,tailored
sfjcccc5.1.pdf,original,tailored
sfjcccd1.1.pdf,original,tailored
sfjcccd1.2.pdf,original,tailored
sfjcccd2.1.pdf,original,tailored
sfjccda1.1.pdf,original,tailored
sfjccda1.2.pdf,original,tailored
sfjccda2.1.pdf,original,tailored
sfjccda2.2.pdf,original,tailored
sfjccda3.1.pdf,original,tailored
sfjccda4.1.pdf,original,tailored
sfjccda5.1.pdf,original,tailored
sfjccdb1.1.pdf,original,tailored
sfjccdb1.2.pdf,original,tailored
sfjccdb4.1.pdf,original,tailored
sfjccdc1.1.pdf,original,tailored
sfjccde1.1.pdf,original,tailored
sfjccde4.1l.pdf,original,tailored
sfjcchf16a.pdf,original,imported
sfjcchf16l.pdf,original,imported
sfjceczh6.pdf,original,imported
sfjceczh7.pdf,original,imported
sfjcjga9.pdf,original,imported
sfjcjgb7.pdf,original,tailored
sfjcjge7.pdf,original,imported
sfjcjhd14.pdf,original,tailored
sfjcjhd15.pdf,original,tailored
sfjcjhe8.pdf,original,imported
sfjcjhf22.pdf,original,tailored
sfjcjhf24.pdf,original,tailored
sfjcjhf25.pdf,original,tailored
sfjcjze6.pdf,original,imported
sfjcps5.1.pdf,original,tailored
sfjcps5.2.pdf,original,tailored
sfjcps5.3.pdf,original,tailored
sfjcps5.4.pdf,original,tailored
sfjcps5.5.pdf,original,tailored
sfjcps5.6.pdf,original,tailored
sfjcps5.7.pdf,original,tailored
sfjcps6.1.pdf,original,tailored
sfjcps6.2.pdf,original,tailored
sfjcps6.3.pdf,original,tailored
sfjcps6.4.pdf,original,tailored
sfjcps6.5.pdf,original,tailored
sfjcps7.1.pdf,original,tailored
sfjcps7.2.pdf,original,tailored
sfjcps7.3.pdf,original,tailored
sfjcps7.4.pdf,original,tailored
sfjcps7.5.pdf,original,tailored
sfjcps7.6.pdf,original,tailored
sfjcps7.7.pdf,original,tailored
sfjcps8.1.pdf,original,tailored
sfjcps8.10.pdf,original,tailored
sfjcps8.11.pdf,original,tailored
sfjcps8.12.pdf,original,tailored
sfjcps8.13.pdf,original,tailored
sfjcps8.14.pdf,original,tailored
sfjcps8.2.pdf,original,tailored
sfjcps8.3.pdf,original,tailored
sfjcps8.4.pdf,original,tailored
sfjcps8.5.pdf,original,tailored
sfjcps8.6.pdf,original,tailored
sfjcps8.7.pdf,original,tailored
sfjcps8.8.pdf,original,tailored
sfjcps8.9.pdf,original,tailored
sfjcps9.1.pdf,original,tailored
sfjcps9.2.pdf,original,tailored
sfjcps9.3.pdf,original,tailored
sfjcps9.4.pdf,original,tailored
sfjcps9.5.pdf,original,tailored
sfjcps9.6.pdf,original,tailored
sfjcps9.7.pdf,original,tailored
sfjcsaf1.pdf,original,imported
sfjctha1.pdf,original,imported
sfjcthd5.pdf,original,tailored
sfjctzb1.pdf,original,imported
sfjctzb2.pdf,original,imported
sfjctzh11.pdf,original,tailored
sfjde2.1.pdf,original,tailored
sfjefsm12.pdf,original,tailored
sfjefsm13.pdf,original,tailored
sfjefsm14.pdf,original,tailored
sfjefsm15.pdf,original,tailored
sfjefsm17.pdf,original,tailored
sfjefsm18.pdf,original,tailored
sfjefsm19.pdf,original,tailored
sfjefsm21.pdf,original,tailored
sfjefsm22.pdf,original,tailored
sfjefsm23.pdf,original,tailored
sfjefsm24.pdf,original,tailored
sfjefsm25.pdf,original,tailored
sfjefsm9.pdf,original,tailored
sfjga2.pdf,original,imported
sfjga4.pdf,original,tailored
sfjga9.pdf,original,imported
sfjgb9.pdf,original,tailored
sfjgk513.pdf,original,tailored
sfjha4.pdf,original,tailored
sfjha5.pdf,original,tailored
sfjhd10.pdf,original,tailored
sfjhk4.pdf,original,imported
sfjhk5.pdf,original,imported
sfjodps6.1.12.pdf,original,tailored
sfjpa1.1.pdf,original,tailored
sfjpa1.2.pdf,original,tailored
sfjpa1.3.pdf,original,tailored
sfjpa1.4.pdf,original,tailored
sfjpa1.5.pdf,original,tailored
sfjpa2.1.pdf,original,tailored
sfjpa2.2.pdf,original,tailored
sfjpa3.2.pdf,original,tailored
sfjpa3.pdf,original,tailored
sfjpa4l.pdf,original,tailored
sfjpa5.1.pdf,original,tailored
sfjpb1.1.pdf,original,tailored
sfjpb2.1.pdf,original,tailored
sfjpb2.2.pdf,original,tailored
sfjpc1.1.pdf,original,tailored
sfjpc1.2.pdf,original,tailored
sfjpc1.3.pdf,original,tailored
sfjpc1.4.pdf,original,tailored
sfjpc1.5.pdf,original,tailored
sfjpc1.6.pdf,original,tailored
sfjpc1.7.pdf,original,tailored
sfjpc2.1.pdf,original,tailored
sfjpc2.2.pdf,original,tailored
sfjpc2.3.pdf,original,tailored
sfjpc3.1.pdf,original,tailored
sfjpc3.2.pdf,original,tailored
sfjpd1.1.pdf,original,tailored
sfjpd2.1.pdf,original,tailored
sfjpd2.3.pdf,original,tailored
sfjpd2.4.pdf,original,tailored
sfjpd3.1.pdf,original,tailored
sfjpd5.1.pdf,original,tailored
sfjpe2.2.pdf,original,tailored
sfjpe2.3.pdf,original,tailored
sfjpe3.1.pdf,original,tailored
sfjpe4.1.pdf,original,tailored
sfjpe5.1.pdf,original,tailored
sfjpe5.2.pdf,original,tailored
sfjpe6.1.pdf,original,tailored
sfjpe7.1.pdf,original,tailored
sfjpf1.1.pdf,original,tailored
sfjpf2.1.pdf,original,tailored
sfjpf2.2.pdf,original,tailored
sfjpg1.1.pdf,original,tailored
sfjpg1.2.pdf,original,tailored
sfjpg2.1.pdf,original,tailored
sfjpg3.1.pdf,original,tailored
sfjpg4.1.pdf,original,tailored
sfjpg4.2.pdf,original,tailored
sfjpg5.1.pdf,original,tailored
sfjph1.1.pdf,original,tailored
sfjph1.2.pdf,original,tailored
sfjph1.3.pdf,original,tailored
sfjph2.1.pdf,original,tailored
sfjph3.1.pdf,original,tailored
sfjph4.1.pdf,original,tailored
sfjpi2.1.pdf,original,tailored
sfjpi3.1.pdf,original,tailored
sfjpi4.1.pdf,original,tailored
sfjpi4.2.pdf,original,tailored
sfjpk1.3.pdf,original,tailored
sfjpk1.4.pdf,original,tailored
sfjpk1.5.pdf,original,tailored
sfjpk2.1.pdf,original,tailored
sfjpk3.1.pdf,original,tailored
sfjpsg1.1.1.pdf,original,imported
sfjpsg2.1.1.pdf,original,imported
sfjpsg2.1.2.pdf,original,imported
sfjpsg2.2.1.pdf,original,imported
sfjpsg2.2.2.pdf,original,imported
sfjpsg2.2.3.pdf,original,imported
sfjpsg2.2.4.pdf,original,imported
sfjpsg2.2.5.pdf,original,imported
sfjpsg2.3.1.pdf,original,imported
sfjpsg2.3.3.pdf,original,imported
sfjpsg3.1.1.pdf,original,imported
sfjpsg3.1.2.pdf,original,imported
sfjpsg3.1.3.pdf,original,imported
sfjpsg3.2.1.pdf,original,imported
sfjpsg3.2.2.pdf,original,imported
sfjpsg4.1.1.pdf,original,imported
sfjpsg4.1.2.pdf,original,imported
sfjpsg4.1.3.pdf,original,imported
sfjpsg4.2.1.pdf,original,imported
sfjpsg4.2.2.pdf,original,imported
sfjpsg4.3.1.pdf,original,imported
sfjpsg4.3.2.pdf,original,imported
sfjpsg5.3.1.pdf,original,imported
sfjpsg6.1.1.pdf,original,imported
sfjpsg6.1.2.pdf,original,imported
sfjpsg6.1.3.pdf,original,imported
sfjpsg6.1.4.pdf,original,imported
sfjpsg6.1.5.pdf,original,imported
sfjpsg6.1.6.pdf,original,imported
sfjpsg6.1.7.pdf,original,imported
sfjpsg6.1.8.pdf,original,imported
sfjpsg6.1.9.pdf,original,imported
sfjpsg6.2.2.pdf,original,imported
sfjpsg6.2.3.pdf,original,imported
sfjpsg6.3.4.pdf,original,imported
sfjrm4.pdf,original,tailored
sfjza4.pdf,original,tailored
sfjza9.pdf,original,imported
sfjzb4.pdf,original,tailored
sfllo35l.pdf,original,tailored
sfs2j3.pdf,original,tailored
sfsag12.pdf,original,tailored
sfsba224.pdf,original,tailored
sfscsh10.pdf,original,empty
sfscsh9.pdf,original,tailored
sfscu31.pdf,original,tailored
sfscu43.pdf,original,tailored
sfsdgv10.pdf,original,imported
sfshss1.pdf,original,tailored
sfshss7.pdf,original,tailored
sfsics9.pdf,original,tailored
sfspso44.pdf,original,empty
sfspso45.pdf,original,empty
sfssfl5.pdf,original,tailored
sfssys18.pdf,original,tailored
sfsuit1.pdf,original,tailored
sftag19.pdf,original,tailored
sftdw12.pdf,original,tailored
sftdw13.pdf,original,tailored
sftdw14.pdf,original,tailored
sftdw15.pdf,original,tailored
sftdw3.pdf,original,tailored
sftdw4.pdf,original,tailored
sftdw5.pdf,original,tailored
sftdw6.pdf,original,tailored
sftdw7.pdf,original,tailored
sftdw8.pdf,original,tailored
sftdw9.pdf,original,tailored
sftmve6.pdf,original,tailored
skaa111.pdf,original,imported
skaa213.pdf,original,tailored
skaa214l.pdf,original,tailored
skaa321.pdf,original,imported
skaa322 (5).pdf,original,imported
skaa323.pdf,original,imported
skaa328.pdf,original,imported
skaa329.pdf,original,tailored
skaa410.pdf,original,imported
skaa411.pdf,original,imported
skaa47.pdf,original,imported
skabt0920.pdf,original,imported
skabt0922.pdf,original,imported
skabt0923.pdf,original,imported
skabt0925.pdf,original,imported
skabt09b16.pdf,original,tailored
skabt09b17.pdf,original,tailored
skabt09b18.pdf,original,tailored
skabt09b19.pdf,original,tailored
skabt34v2.pdf,original,tailored
skabtg12v2.pdf,original,tailored
skabtg13v2.pdf,original,tailored
skabtg1v2.pdf,original,tailored
skac224.pdf,original,imported
skac226.pdf,original,imported
skac227.pdf,original,imported
skac228.pdf,original,imported
skac243.pdf,original,imported
skac244.pdf,original,imported
skac32.pdf,original,imported
skac34.pdf,original,imported
skag17.pdf,original,imported
sks cx1.pdf,original,tailored
sks hss2.pdf,original,imported
sksa1v3.pdf,original,tailored
sksa2sk1v2.pdf,original,tailored
sksamta2.2.pdf,original,tailored
sksamtc4.pdf,original,tailored
sksamtd3.pdf,original,tailored
sksamtf12.pdf,original,tailored
sksas10v3.pdf,original,tailored
sksas11.pdf,original,tailored
sksas13.pdf,original,tailored
sksas14.pdf,original,imported
sksas20.pdf,original,imported
sksas21.pdf,original,tailored
sksas23.pdf,original,tailored
sksas24.pdf,original,tailored
sksas26.pdf,original,tailored
sksb1v3.pdf,original,tailored
sksb5v3.pdf,original,tailored
sksd2v3.pdf,original,tailored
sksd5v3.pdf,original,tailored
sksf3v2.pdf,original,tailored
sksfdt1.pdf,original,empty
sksfl25v2.pdf,original,tailored
sksfl32v2.pdf,original,tailored
sksgw2.pdf,,original
skshm1.pdf,original,empty
skshm10.pdf,original,empty
skshm11.pdf,original,empty
skshm12.pdf,original,empty
skshm13.pdf,original,empty
skshm2.pdf,original,empty
skshm3.pdf,original,empty
skshm4.pdf,original,empty
skshm5.pdf,original,empty
skshm6.pdf,original,empty
skshm7.pdf,original,empty
skshm8.pdf,original,empty
skshm9.pdf,original,empty
sksl11v3.pdf,original,tailored
sksl12v3.pdf,original,tailored
skslg6.pdf,,original
skslg7.pdf,,original
skslg8.pdf,,original
skslg9.pdf,,original
sksmmf10v2.pdf,original,tailored
sksmmf12v2.pdf,original,tailored
sksmmf4.pdf,original,tailored
sksmmf5v2.pdf,original,tailored
sksmmf6.pdf,original,tailored
sksmmf7.pdf,original,tailored
sksmmf8.pdf,original,tailored
sksmmf9v2.pdf,original,tailored
sksmsp1.pdf,,original
skspd5.pdf,,original
skspd7.pdf,,original
slssfl4.pdf,original,tailored
sumbse01l.pdf,,empty
sumbse02l.pdf,,empty
sumbse03l.pdf,,empty
sumet04l.pdf,original,empty
sumet05l.pdf,original,empty
sumet06l.pdf,original,empty
sumet07l.pdf,original,empty
sumet08l.pdf,original,empty
sumet09l.pdf,original,empty
tdastl50.pdf,original,tailored
tdastl51.pdf,original,imported
tdastl52.pdf,original,imported
tdastl53.pdf,original,tailored
tdastl54.pdf,original,imported
tdastl58.pdf,original,imported
tdastl59.pdf,original,imported
tdastl61.pdf,original,tailored
tdastl63.pdf,original,imported
tdastl64.pdf,original,tailored
tdastl65.pdf,original,imported
tdastl66.pdf,original,imported
tdastl67.pdf,original,imported
tdastl68.pdf,original,imported
tdastl69.pdf,original,imported