,Developed By,NOS Title,Suite,SuiteMetadata,Occupations,OccupationsMetadata,Name,Validity,Indicative Review Date,NOS Document Status,URN,SOC Code,NOSCategory,Keywords,Original URN,Created,Modified,Item Type,Path
1175,energy & utility skills,"install domestic gas cookers, tumble dryers and leisure appliances legacy",down stream gas,1260;#down stream gas,gas appliances installer; engineering; science and engineering technicians,2835;#gas appliances installer;#55;#engineering;#563;#science and engineering technicians,eusdsg3.1.pdf,current,2021-12-01 00:00:00,original,eusdsg3.1,,,"install, domestic, gas, cookers, tumble dryers, leisure appliances, installation, energy, utility, utilities",dsg 3.1,2018-10-05 16:04:09,2018-10-05 16:04:10,item,publishednos
1639,energy & utility skills,"install domestic gas cookers, tumble dryers and leisure appliances",down stream gas,1260;#down stream gas,gas appliances installer; engineering; science and engineering technicians,2835;#gas appliances installer;#55;#engineering;#563;#science and engineering technicians,eusdsg3.1.pdf,current,2021-12-01 00:00:00,original,eusdsg3.1,5314,jobspecific,"install, domestic, gas, cookers, tumble dryers, leisure appliances, installation, energy, utility, utilities",dsg 3.1,2018-02-12 11:51:33,2019-03-21 11:27:13,item,publishednos-old
1167,energy & utility skills,install gas fired ducted air heaters and appliances,down stream gas,1260;#down stream gas,engineering; science and engineering technicians,55;#engineering;#563;#science and engineering technicians,eusdsg3.10.pdf,current,2021-12-01 00:00:00,original,eusdsg3.10,,,"install, installation, gas, warm air, central heating, systems, utility, utilities",dsg 3.10,2018-10-05 16:04:23,2018-10-05 16:04:23,item,publishednos
1630,energy & utility skills,install gas fired ducted air heaters and appliances,down stream gas,1260;#down stream gas,engineering; science and engineering technicians,55;#engineering;#563;#science and engineering technicians,eusdsg3.10.pdf,current,2021-12-01 00:00:00,original,eusdsg3.10,5314,jobspecific,"install, installation, gas, warm air, central heating, systems, utility, utilities",dsg 3.10,2018-02-12 11:51:58,2019-03-21 11:26:14,item,publishednos-old
1165,energy & utility skills,maintain gas fired ducted air heaters and appliances,down stream gas,1260;#down stream gas,engineering; science and engineering technicians,55;#engineering;#563;#science and engineering technicians,eusdsg3.11.pdf,current,2021-12-01 00:00:00,original,eusdsg3.11,,,"maintain, maintenance, warm air, central heating, heating systems, utility, utilities",dsg 3.11,2018-10-05 16:04:25,2018-10-05 16:04:25,item,publishednos
1629,energy & utility skills,maintain gas fired ducted air heaters and appliances,down stream gas,1260;#down stream gas,engineering; science and engineering technicians,55;#engineering;#563;#science and engineering technicians,eusdsg3.11.pdf,current,2021-12-01 00:00:00,original,eusdsg3.11,5314,jobspecific,"maintain, maintenance, warm air, central heating, heating systems, utility, utilities",dsg 3.11,2018-02-12 11:52:02,2019-03-21 11:26:14,item,publishednos-old
1164,energy & utility skills,install gas meters and regulators (2.5 to 16.0m3/hr),down stream gas,1260;#down stream gas,engineering; science and engineering technicians,55;#engineering;#563;#science and engineering technicians,eusdsg3.12.pdf,current,2021-12-01 00:00:00,original,eusdsg3.12,,,"nstall, installation, gas, meters, regulators, (2.5 to 16.0m)",dsg 3.12,2018-10-05 16:04:26,2018-10-05 16:04:27,item,publishednos
1628,energy & utility skills,install gas meters and regulators (2.5 to 16.0m3/hr),down stream gas,1260;#down stream gas,engineering; science and engineering technicians,55;#engineering;#563;#science and engineering technicians,eusdsg3.12.pdf,current,2021-12-01 00:00:00,original,eusdsg3.12,5314,jobspecific,"nstall, installation, gas, meters, regulators, (2.5 to 16.0m)",dsg 3.12,2018-02-12 11:52:05,2019-03-21 11:26:14,item,publishednos-old
1163,energy & utility skills,install gas meters and regulators (2.5 to 1076m3/hr),down stream gas,1260;#down stream gas,engineering; science and engineering technicians,55;#engineering;#563;#science and engineering technicians,eusdsg3.13.pdf,current,2021-12-01 00:00:00,original,eusdsg3.13,,,"install, installation, gas, meters, regulators, (2.5 to 1076m3/hr)",dsg 3.13,2018-10-05 16:04:28,2018-10-05 16:04:28,item,publishednos
1627,energy & utility skills,install gas meters and regulators (2.5 to 1076m3/hr),down stream gas,1260;#down stream gas,engineering; science and engineering technicians,55;#engineering;#563;#science and engineering technicians,eusdsg3.13.pdf,current,2021-12-01 00:00:00,original,eusdsg3.13,5314,jobspecific,"install, installation, gas, meters, regulators, (2.5 to 1076m3/hr)",dsg 3.13,2018-02-12 11:52:09,2019-03-21 11:26:14,item,publishednos-old
1162,energy & utility skills,install gas meters and regulators above 1076m3/hr,down stream gas,1260;#down stream gas,engineering; science and engineering technicians,55;#engineering;#563;#science and engineering technicians,eusdsg3.14.pdf,current,2021-12-01 00:00:00,original,eusdsg3.14,,,"install, installation, gas, meters, regulators, 1076m, utility, utilities",dsg 3.14,2018-10-05 16:04:30,2018-10-05 16:04:30,item,publishednos
1626,energy & utility skills,install gas meters and regulators above 1076m3/hr,down stream gas,1260;#down stream gas,engineering; science and engineering technicians,55;#engineering;#563;#science and engineering technicians,eusdsg3.14.pdf,current,2021-12-01 00:00:00,original,eusdsg3.14,5314,jobspecific,"install, installation, gas, meters, regulators, 1076m, utility, utilities",dsg 3.14,2018-02-12 11:52:12,2019-03-21 11:26:14,item,publishednos-old
1161,energy & utility skills,respond to reported gas upstream emergencies,down stream gas,1260;#down stream gas,engineering; science and engineering technicians,55;#engineering;#563;#science and engineering technicians,eusdsg3.15.pdf,current,2021-12-01 00:00:00,original,eusdsg3.15,,,"reported, gas, upstream, distribution, emergency, emergencies, utility, utilities",dsg 3.15,2018-10-05 16:04:31,2018-10-05 16:04:32,item,publishednos
1625,energy & utility skills,respond to reported gas upstream emergencies,down stream gas,1260;#down stream gas,engineering; science and engineering technicians,55;#engineering;#563;#science and engineering technicians,eusdsg3.15.pdf,current,2021-12-01 00:00:00,original,eusdsg3.15,8114,jobspecific,"reported, gas, upstream, distribution, emergency, emergencies, utility, utilities",dsg 3.15,2018-02-12 11:52:16,2019-03-21 11:27:31,item,publishednos-old
1160,energy & utility skills,respond to reported gas downstream emergencies,down stream gas,1260;#down stream gas,engineering; science and engineering technicians,55;#engineering;#563;#science and engineering technicians,eusdsg3.16.pdf,current,2021-12-01 00:00:00,original,eusdsg3.16,,,"dealing, reported, gas, downstream, utilisation, emergency, emergencies, utility, utilities",dsg 3.16,2018-10-05 16:04:33,2018-10-05 16:04:34,item,publishednos
1624,energy & utility skills,respond to reported gas downstream emergencies,down stream gas,1260;#down stream gas,engineering; science and engineering technicians,55;#engineering;#563;#science and engineering technicians,eusdsg3.16.pdf,current,2021-12-01 00:00:00,original,eusdsg3.16,5314,jobspecific,"dealing, reported, gas, downstream, utilisation, emergency, emergencies, utility, utilities",dsg 3.16,2018-02-12 11:52:17,2019-03-21 11:26:14,item,publishednos-old
1159,energy & utility skills,"strength testing, gas tightness testing and direct purging ",down stream gas,1260;#down stream gas,engineering; science and engineering technicians,55;#engineering;#563;#science and engineering technicians,eusdsg3.17.pdf,current,2021-12-01 00:00:00,original,eusdsg3.17,,,"strength, testing, gas, tightness, direct purging, ige/up/1a, utility, utilities",dsg 3.17,2018-10-05 16:04:35,2018-10-05 16:04:35,item,publishednos
1623,energy & utility skills,"strength testing, gas tightness testing and direct purging ",down stream gas,1260;#down stream gas,engineering; science and engineering technicians,55;#engineering;#563;#science and engineering technicians,eusdsg3.17.pdf,current,2021-12-01 00:00:00,original,eusdsg3.17,5314,core,"strength, testing, gas, tightness, direct purging, ige/up/1a, utility, utilities",dsg 3.17,2018-02-12 11:52:19,2019-03-21 11:27:56,item,publishednos-old
1158,energy & utility skills,apply health and safety legislation and working practices,"domestic natural gas, installation and maintenance","1261;#domestic natural gas, installation and maintenance",engineering; science and engineering technicians,55;#engineering;#563;#science and engineering technicians,eusdsg3.18.pdf,current,2021-01-01 00:00:00,original,eusdsg3.18,,,"health, safety, legislation, gas, utility, utilities",dsg3.18,2018-10-05 16:04:36,2018-10-05 16:04:36,item,publishednos
1622,energy & utility skills,apply health and safety legislation and working practices,"domestic natural gas, installation and maintenance; domestic natural gas","1261;#domestic natural gas, installation and maintenance;#1262;#domestic natural gas",engineering; science and engineering technicians,55;#engineering;#563;#science and engineering technicians,eusdsg3.18.pdf,current,2021-01-01 00:00:00,original,eusdsg3.18,1170,generic,"health, safety, legislation, gas, utility, utilities",dsg3.18,2018-02-12 11:52:21,2019-03-21 11:28:29,item,publishednos-old
1174,energy & utility skills,"maintain domestic gas cookers, tumble dryers and leisure appliances",down stream gas,1260;#down stream gas,engineering; science and engineering technicians,55;#engineering;#563;#science and engineering technicians,eusdsg3.2.pdf,current,2021-12-01 00:00:00,original,eusdsg3.2,,,"maintain, maintenance, domestic, gas, cookers, tumble dryers, leisure appliances",dsg 3.2,2018-10-05 16:04:11,2018-10-05 16:04:11,item,publishednos
1638,energy & utility skills,"maintain domestic gas cookers, tumble dryers and leisure appliances",down stream gas,1260;#down stream gas,engineering; science and engineering technicians,55;#engineering;#563;#science and engineering technicians,eusdsg3.2.pdf,current,2021-12-01 00:00:00,original,eusdsg3.2,5314,jobspecific,"maintain, maintenance, domestic, gas, cookers, tumble dryers, leisure appliances",dsg 3.2,2018-02-12 11:51:35,2019-03-21 11:30:14,item,publishednos-old
1173,energy & utility skills,install gas water heating and wet central heating ,down stream gas,1260;#down stream gas,engineering; science and engineering technicians,55;#engineering;#563;#science and engineering technicians,eusdsg3.3.pdf,current,2021-12-01 00:00:00,original,eusdsg3.3,,,"install, installation, gas, water, heating, wet central heating, utility, utilities, commissioning, commission",dsg 3.3,2018-10-05 16:04:13,2018-10-05 16:04:14,item,publishednos
1637,energy & utility skills,install gas water heating and wet central heating ,down stream gas,1260;#down stream gas,engineering; science and engineering technicians,55;#engineering;#563;#science and engineering technicians,eusdsg3.3.pdf,current,2021-12-01 00:00:00,original,eusdsg3.3,5314,jobspecific,"install, installation, gas, water, heating, wet central heating, utility, utilities, commissioning, commission",dsg 3.3,2018-02-12 11:51:38,2019-03-21 11:34:38,item,publishednos-old
1172,energy & utility skills,maintain gas water heating and wet central heating appliances,down stream gas,1260;#down stream gas,engineering; science and engineering technicians,55;#engineering;#563;#science and engineering technicians,eusdsg3.4.pdf,current,2021-12-01 00:00:00,original,eusdsg3.4,,,"maintain, maintenance, gas, water, heating, wet central heating, utility, utilities",dsg 3.4,2018-10-05 16:04:14,2018-10-05 16:04:14,item,publishednos
1636,energy & utility skills,maintain gas water heating and wet central heating appliances,down stream gas,1260;#down stream gas,engineering; science and engineering technicians,55;#engineering;#563;#science and engineering technicians,eusdsg3.4.pdf,current,2021-12-01 00:00:00,original,eusdsg3.4,5314,jobspecific,"maintain, maintenance, gas, water, heating, wet central heating, utility, utilities",dsg 3.4,2018-02-12 11:51:42,2019-03-21 11:39:06,item,publishednos-old
1171,energy & utility skills,install gas pipework up to 35mm,down stream gas,1260;#down stream gas,engineering; science and engineering technicians,55;#engineering;#563;#science and engineering technicians,eusdsg3.5.pdf,current,2021-12-01 00:00:00,original,eusdsg3.5,,,"install, installation, gas, pipework, 35mm, utility, utilities",dsg 3.5,2018-10-05 16:04:16,2018-10-05 16:04:16,item,publishednos
1635,energy & utility skills,install gas pipework up to 35mm,down stream gas,1260;#down stream gas,engineering; science and engineering technicians,55;#engineering;#563;#science and engineering technicians,eusdsg3.5.pdf,current,2021-12-01 00:00:00,original,eusdsg3.5,5314,core,"install, installation, gas, pipework, 35mm, utility, utilities",dsg 3.5,2018-02-12 11:51:44,2019-03-21 11:41:58,item,publishednos-old
1170,energy & utility skills,gas tightness testing and direct purging ,down stream gas,1260;#down stream gas,engineering; science and engineering technicians,55;#engineering;#563;#science and engineering technicians,eusdsg3.6.pdf,current,2021-12-01 00:00:00,original,eusdsg3.6,,,"gas, tightness, testing, direct, purging, utility, utilities",dsg 3.6,2018-10-05 16:04:17,2018-10-05 16:04:17,item,publishednos
1634,energy & utility skills,gas tightness testing and direct purging ,down stream gas,1260;#down stream gas,engineering; science and engineering technicians,55;#engineering;#563;#science and engineering technicians,eusdsg3.6.pdf,current,2021-12-01 00:00:00,original,eusdsg3.6,5314,core,"gas, tightness, testing, direct, purging, utility, utilities",dsg 3.6,2018-02-12 11:51:47,2019-03-21 11:42:32,item,publishednos-old
1169,energy & utility skills,install domestic gas space heating appliances,down stream gas,1260;#down stream gas,engineering; science and engineering technicians,55;#engineering;#563;#science and engineering technicians,eusdsg3.7.pdf,current,2021-12-01 00:00:00,original,eusdsg3.7,,,"install, installation, domestic, gas, space, space heating, heating appliances, utility, utilities",dsg 3.7,2018-10-05 16:04:19,2018-10-05 16:04:20,item,publishednos
1633,energy & utility skills,install domestic gas space heating appliances,down stream gas,1260;#down stream gas,engineering; science and engineering technicians,55;#engineering;#563;#science and engineering technicians,eusdsg3.7.pdf,current,2021-12-01 00:00:00,original,eusdsg3.7,5314,jobspecific,"install, installation, domestic, gas, space, space heating, heating appliances, utility, utilities",dsg 3.7,2018-02-12 11:51:50,2019-03-21 11:42:59,item,publishednos-old
1168,energy & utility skills,maintain domestic gas space heating appliances,down stream gas,1260;#down stream gas,engineering; science and engineering technicians,55;#engineering;#563;#science and engineering technicians,eusdsg3.8.pdf,current,2021-12-01 00:00:00,original,eusdsg3.8,,,"install, installation, domestic, gas, space, space heating, heating appliances, utility, utilities",dsg 3.8,2018-10-05 16:04:20,2018-10-05 16:04:20,item,publishednos
1632,energy & utility skills,maintain domestic gas space heating appliances,down stream gas,1260;#down stream gas,engineering; science and engineering technicians,55;#engineering;#563;#science and engineering technicians,eusdsg3.8.pdf,current,2021-12-01 00:00:00,original,eusdsg3.8,5314,jobspecific,"install, installation, domestic, gas, space, space heating, heating appliances, utility, utilities",dsg 3.8,2018-02-12 11:51:53,2019-03-21 11:43:17,item,publishednos-old
1166,energy & utility skills,electrical fault finding on domestic gas appliances,down stream gas,1260;#down stream gas,engineering; science and engineering technicians,55;#engineering;#563;#science and engineering technicians,eusdsg3.9.pdf,current,2021-12-01 00:00:00,original,eusdsg3.9,,,"electrical, electricity, fault, fault finding, domestic, gas, utility, utilities",dsg 3.9,2018-10-05 16:04:23,2018-10-05 16:04:23,item,publishednos
1631,energy & utility skills,electrical fault finding on domestic gas appliances,down stream gas,1260;#down stream gas,engineering; science and engineering technicians,55;#engineering;#563;#science and engineering technicians,eusdsg3.9.pdf,current,2021-12-01 00:00:00,original,eusdsg3.9,5314,core,"electrical, electricity, fault, fault finding, domestic, gas, utility, utilities",dsg 3.9,2018-02-12 11:51:56,2019-03-21 11:43:31,item,publishednos-old
683,energy & utility skills,create an efficient and effective work environment for site operations on gas network construction,gas network construction,1257;#gas network construction,"gas team leaders, craftspersons and technicians","1288;#gas team leaders, craftspersons and technicians",eusgnc001.pdf,current,2021-12-01 00:00:00,original,eus gnc001,,,"gas, network, gas network, safe",eus gnc001,2018-10-05 16:02:53,2019-02-14 11:18:06,item,publishednos
1661,energy & utility skills,create an efficient and effective work environment for site operations on gas network construction,gas network construction,1257;#gas network construction,"gas team leaders, craftspersons and technicians","1288;#gas team leaders, craftspersons and technicians",eusgnc001.pdf,current,2021-12-01 00:00:00,original,eus gnc001,5314,generic,"gas, network, gas network, safe",eusgnc001,2018-01-31 10:58:47,2019-03-21 12:33:09,item,publishednos-old
682,energy & utility skills,maintain a safe and secure working environment during site operations on gas network construction,gas network construction,1257;#gas network construction,"gas team leaders, craftspersons and technicians","1288;#gas team leaders, craftspersons and technicians",eusgnc002.pdf,current,2021-12-01 00:00:00,original,eus gnc002,,,"gas, network, gas network",eus gnc002,2018-10-05 16:02:59,2019-02-14 11:18:10,item,publishednos
1660,energy & utility skills,maintain a safe and secure working environment during site operations on gas network construction,gas network construction,1257;#gas network construction,"gas team leaders, craftspersons and technicians","1288;#gas team leaders, craftspersons and technicians",eusgnc002.pdf,current,2021-12-01 00:00:00,original,eus gnc002,5314,core,"gas, network, gas network",eus gnc002,2018-01-31 10:58:50,2019-03-21 12:33:46,item,publishednos-old
681,energy & utility skills,establish and maintain effective working relationships on gas network construction sites ,gas network construction,1257;#gas network construction,"gas team leaders, craftspersons and technicians","1288;#gas team leaders, craftspersons and technicians",eusgnc003.pdf,current,2021-12-01 00:00:00,original,eus gnc003,,,"gas, network, gas network, relationships",eus gnc003,2018-10-05 16:03:00,2019-02-14 11:18:15,item,publishednos
1659,energy & utility skills,establish and maintain effective working relationships on gas network construction sites ,gas network construction,1257;#gas network construction,"gas team leaders, craftspersons and technicians","1288;#gas team leaders, craftspersons and technicians",eusgnc003.pdf,current,2021-12-01 00:00:00,original,eus gnc003,5314,core,"gas, network, gas network, relationships",eus gnc003,2018-01-31 10:58:53,2019-03-21 12:34:01,item,publishednos-old
679,energy & utility skills,install equipment for safe working on construction sites during gas network construction,gas network construction,1257;#gas network construction,"gas team leaders, craftspersons and technicians","1288;#gas team leaders, craftspersons and technicians",eusgnc005.pdf,current,2021-12-01 00:00:00,original,eus gnc005,,,"gas, network, gas network, install, equipment",eus gnc005,2018-10-05 16:03:02,2019-02-14 11:18:26,item,publishednos
1657,energy & utility skills,install equipment for safe working on construction sites during gas network construction,gas network construction,1257;#gas network construction,"gas team leaders, craftspersons and technicians","1288;#gas team leaders, craftspersons and technicians",eusgnc005.pdf,current,2021-12-01 00:00:00,original,eus gnc005,5314,jobspecific,"gas, network, gas network, install, equipment",eus gnc005,2018-01-31 10:58:58,2019-03-21 12:35:01,item,publishednos-old
678,energy & utility skills,locate and avoid supply apparatus in non routine operations for gas network construction,gas network construction,1257;#gas network construction,"gas team leaders, craftspersons and technicians","1288;#gas team leaders, craftspersons and technicians",eusgnc006.pdf,current,2021-12-01 00:00:00,original,eus gnc006,,,"gas, network, gas network, locate, avoid, locate and avoid",eus gnc006,2018-10-05 16:03:04,2019-02-14 11:18:31,item,publishednos
1656,energy & utility skills,locate and avoid supply apparatus in non routine operations for gas network construction,gas network construction,1257;#gas network construction,"gas team leaders, craftspersons and technicians","1288;#gas team leaders, craftspersons and technicians",eusgnc006.pdf,current,2021-12-01 00:00:00,original,eus gnc006,5314,core,"gas, network, gas network, locate, avoid, locate and avoid",eus gnc006,2018-01-31 10:59:01,2019-03-21 12:36:00,item,publishednos-old
676,energy & utility skills,reinstate excavation and pavement surfaces in site operations gas network construction,gas network construction,1257;#gas network construction,"gas team leaders, craftspersons and technicians","1288;#gas team leaders, craftspersons and technicians",eusgnc008.pdf,current,2021-12-01 00:00:00,original,eus gnc008,,,"gas, network, gas network, reinstatement, reinstate, pavement, excavation",eus gnc008,2018-10-05 16:03:06,2019-02-14 11:18:39,item,publishednos
1654,energy & utility skills,reinstate excavation and pavement surfaces in site operations gas network construction,gas network construction,1257;#gas network construction,"gas team leaders, craftspersons and technicians","1288;#gas team leaders, craftspersons and technicians",eusgnc008.pdf,current,2021-12-01 00:00:00,original,eus gnc008,5314,core,"gas, network, gas network, reinstatement, reinstate, pavement, excavation",eus gnc008,2018-01-31 10:59:07,2019-03-21 12:36:30,item,publishednos-old
675,energy & utility skills,operate powered tools and equipment and small mobile plant for site operations on gas network construction,gas network construction,1257;#gas network construction,"gas team leaders, craftspersons and technicians","1288;#gas team leaders, craftspersons and technicians",eusgnc009.pdf,current,2021-12-01 00:00:00,original,eus gnc009,,,"gas, network, gas network, powered tools, tools",eus gnc009,2018-10-05 16:03:08,2019-02-14 11:18:44,item,publishednos
1653,energy & utility skills,operate powered tools and equipment and small mobile plant for site operations on gas network construction,gas network construction,1257;#gas network construction,"gas team leaders, craftspersons and technicians","1288;#gas team leaders, craftspersons and technicians",eusgnc009.pdf,current,2021-12-01 00:00:00,original,eus gnc009,5223,core,"gas, network, gas network, powered tools, tools",eus gnc009,2018-01-31 10:59:09,2019-03-21 12:36:21,item,publishednos-old
674,energy & utility skills,join materials by electrofusion processes for site operations in gas network construction,gas network construction,1257;#gas network construction,"gas team leaders, craftspersons and technicians","1288;#gas team leaders, craftspersons and technicians",eusgnc010.pdf,current,2021-12-01 00:00:00,original,eus gnc010,,,"gas, network, gas network, electrofusion, joining",eus gnc010,2018-10-05 16:03:09,2019-02-14 11:18:48,item,publishednos
1652,energy & utility skills,join materials by electrofusion processes for site operations in gas network construction,gas network construction,1257;#gas network construction,"gas team leaders, craftspersons and technicians","1288;#gas team leaders, craftspersons and technicians",eusgnc010.pdf,current,2021-12-01 00:00:00,original,eus gnc010,5314,jobspecific,"gas, network, gas network, electrofusion, joining",eus gnc010,2018-01-31 10:59:11,2019-03-21 12:40:24,item,publishednos-old
673,energy & utility skills,joint materials by butt fusion  processes in non routine operations for gas network construction,gas network construction,1257;#gas network construction,"gas team leaders, craftspersons and technicians","1288;#gas team leaders, craftspersons and technicians",eusgnc011.pdf,current,2021-12-01 00:00:00,original,eus gnc011,,,"gas, network, gas network, butt fusion, jointing",eus gnc011,2018-10-05 16:03:10,2019-02-14 11:18:52,item,publishednos
1651,energy & utility skills,joint materials by butt fusion  processes in non routine operations for gas network construction,gas network construction,1257;#gas network construction,"gas team leaders, craftspersons and technicians","1288;#gas team leaders, craftspersons and technicians",eusgnc011.pdf,current,2021-12-01 00:00:00,original,eus gnc011,5314,jobspecific,"gas, network, gas network, butt fusion, jointing",eus gnc011,2018-01-31 10:59:14,2019-03-21 12:40:28,item,publishednos-old
672,energy & utility skills,install engineering components and assets in gas network construction,gas network construction,1257;#gas network construction,"gas team leaders, craftspersons and technicians","1288;#gas team leaders, craftspersons and technicians",eusgnc012.pdf,current,2021-12-01 00:00:00,original,eus gnc012,,,"gas, network, gas network, assets, components and assets",eus gnc012,2018-10-05 16:03:11,2019-02-14 11:18:56,item,publishednos
1650,energy & utility skills,install engineering components and assets in gas network construction,gas network construction,1257;#gas network construction,"gas team leaders, craftspersons and technicians","1288;#gas team leaders, craftspersons and technicians",eusgnc012.pdf,current,2021-12-01 00:00:00,original,eus gnc012,5314,core,"gas, network, gas network, assets, components and assets",eus gnc012,2018-01-31 10:59:16,2019-03-21 12:41:05,item,publishednos-old
671,energy & utility skills,conduct specified testing of gas network engineering components and assets in gas network construction,gas network construction,1257;#gas network construction,"gas team leaders, craftspersons and technicians","1288;#gas team leaders, craftspersons and technicians",eusgnc013.pdf,current,2021-12-01 00:00:00,original,eus gnc013,,,"gas, network, gas network, testing, assets, pressure, pressures",eus gnc013,2018-10-05 16:03:12,2019-02-14 11:19:03,item,publishednos
1649,energy & utility skills,conduct specified testing of gas network engineering components and assets in gas network construction,gas network construction,1257;#gas network construction,"gas team leaders, craftspersons and technicians","1288;#gas team leaders, craftspersons and technicians",eusgnc013.pdf,current,2021-12-01 00:00:00,original,eus gnc013,5314,core,"gas, network, gas network, testing, assets, pressure, pressures",eus gnc013,2018-01-31 10:59:19,2019-03-21 12:41:23,item,publishednos-old
670,energy & utility skills,conduct and commission specified connections to gas network assets,gas network construction,1257;#gas network construction,"gas team leaders, craftspersons and technicians","1288;#gas team leaders, craftspersons and technicians",eusgnc014.pdf,current,2021-12-01 00:00:00,original,eus gnc014,,,"gas, network, gas network, commission, connections, mains",eus gnc014,2018-10-05 16:03:13,2019-02-14 11:19:07,item,publishednos
1648,energy & utility skills,conduct and commission specified connections to gas network assets,gas network construction,1257;#gas network construction,"gas team leaders, craftspersons and technicians","1288;#gas team leaders, craftspersons and technicians",eusgnc014.pdf,current,2021-12-01 00:00:00,original,eus gnc014,5314,jobspecific,"gas, network, gas network, commission, connections, mains",eus gnc014,2018-01-31 10:59:21,2019-03-21 12:40:28,item,publishednos-old
669,energy & utility skills,determine technical requirements needed to achieve objectives in gas network construction operations,gas network construction,1257;#gas network construction,"gas team leaders, craftspersons and technicians","1288;#gas team leaders, craftspersons and technicians",eusgnc015.pdf,current,2021-12-01 00:00:00,original,eus gnc015,,,"gas, network, gas network, technical, technical requirements",eus gnc015,2018-10-05 16:03:15,2019-02-14 11:19:13,item,publishednos
1647,energy & utility skills,determine technical requirements needed to achieve objectives in gas network construction operations,gas network construction,1257;#gas network construction,"gas team leaders, craftspersons and technicians","1288;#gas team leaders, craftspersons and technicians",eusgnc015.pdf,current,2021-12-01 00:00:00,original,eus gnc015,5314,core,"gas, network, gas network, technical, technical requirements",eus gnc015,2018-01-31 10:59:24,2019-03-21 12:41:52,item,publishednos-old
668,energy & utility skills,determine resource requirements needed to achieve objectives in gas network construction,gas network construction,1257;#gas network construction,"gas team leaders, craftspersons and technicians","1288;#gas team leaders, craftspersons and technicians",eusgnc016.pdf,current,2021-12-01 00:00:00,original,eus gnc016,,,"gas, network, gas network, resources, procurement, assets",eus gnc016,2018-10-05 16:03:16,2019-02-14 11:19:18,item,publishednos
1646,energy & utility skills,determine resource requirements needed to achieve objectives in gas network construction,gas network construction,1257;#gas network construction,"gas team leaders, craftspersons and technicians","1288;#gas team leaders, craftspersons and technicians",eusgnc016.pdf,current,2021-12-01 00:00:00,original,eus gnc016,5314,core,"gas, network, gas network, resources, procurement, assets",eus gnc016,2018-01-31 10:59:27,2019-03-21 12:42:04,item,publishednos-old
667,energy & utility skills,plan engineering activities for gas network construction,gas network construction,1257;#gas network construction,"gas team leaders, craftspersons and technicians","1288;#gas team leaders, craftspersons and technicians",eusgnc017.pdf,current,2021-12-01 00:00:00,original,eus gnc017,,,"gas, network, gas network, plan, assets",eus gnc017,2018-10-05 16:03:18,2019-02-14 11:19:31,item,publishednos
1645,energy & utility skills,plan engineering activities for gas network construction,gas network construction,1257;#gas network construction,"gas team leaders, craftspersons and technicians","1288;#gas team leaders, craftspersons and technicians",eusgnc017.pdf,current,2021-12-01 00:00:00,original,eus gnc017,5314,core,"gas, network, gas network, plan, assets",eus gnc017,2018-01-31 10:59:28,2019-03-21 12:42:42,item,publishednos-old
1179,energy & utility skills,provide technical information for the design of utility networks,gas networks engineering management,1259;#gas networks engineering management,engineering; building and construction; functional managers; draughtpersons and building inspectors; design and development engineers; design associate professionals; construction trades; building trades,55;#engineering;#10;#building and construction;#15;#functional managers;#564;#draughtpersons and building inspectors;#1631;#design and development engineers;#323;#design associate professionals;#578;#construction trades;#579;#building trades,eusgnem26.pdf,current,2020-12-22 00:00:00,original,eusgnem26,,,"technical documents, principles of design, client specifications, manufacturing specifications",ngnem26,2018-10-05 16:03:41,2018-10-05 16:03:41,item,publishednos
1642,energy & utility skills,provide technical information for the design of utility networks,gas networks engineering management,1259;#gas networks engineering management,engineering; building and construction; functional managers; draughtpersons and building inspectors; design and development engineers; design associate professionals; construction trades; building trades,55;#engineering;#10;#building and construction;#15;#functional managers;#564;#draughtpersons and building inspectors;#1631;#design and development engineers;#323;#design associate professionals;#578;#construction trades;#579;#building trades,eusgnem26.pdf,current,2020-12-22 00:00:00,original,eusgnem26,2139,jobspecific,"technical documents, principles of design, client specifications, manufacturing specifications",ngnem26,2018-02-12 11:47:13,2019-03-21 13:24:40,item,publishednos-old
1176,energy & utility skills,assess factors that impact on utility network designs,multi-utility network design,1258;#multi-utility network design,"engineering; construction, planning and the built environment; draughtpersons and building inspectors; design associate professionals","55;#engineering;#13;#construction, planning and the built environment;#564;#draughtpersons and building inspectors;#323;#design associate professionals",eusmund5.pdf,current,2020-12-01 00:00:00,original,eusmund5,,,"research methods, investigative techniques, risk, interpretation",mund5,2018-10-05 16:03:44,2018-10-05 16:03:45,item,publishednos
1640,energy & utility skills,assess factors that impact on utility network designs,multi-utility network design,1258;#multi-utility network design,"engineering; construction, planning and the built environment; draughtpersons and building inspectors; design associate professionals","55;#engineering;#13;#construction, planning and the built environment;#564;#draughtpersons and building inspectors;#323;#design associate professionals",eusmund5.pdf,current,2020-12-01 00:00:00,original,eusmund5,2139,core,"research methods, investigative techniques, risk, interpretation",mund5,2018-02-12 11:47:17,2019-03-21 14:07:35,item,publishednos-old
1178,energy & utility skills,assess design options for utility networks,multi-utility network design,1258;#multi-utility network design,"construction, planning and the built environment; draughtpersons and building inspectors; engineering; design associate professionals","13;#construction, planning and the built environment;#564;#draughtpersons and building inspectors;#55;#engineering;#323;#design associate professionals",eusmund6.pdf,current,2020-12-22 00:00:00,original,eusmund6,,,"design calculations, design techniques",mund6,2018-10-05 16:03:41,2018-10-05 16:03:41,item,publishednos
1643,energy & utility skills,assess design options for utility networks,multi-utility network design,1258;#multi-utility network design,"construction, planning and the built environment; draughtpersons and building inspectors; engineering; design associate professionals","13;#construction, planning and the built environment;#564;#draughtpersons and building inspectors;#55;#engineering;#323;#design associate professionals",eusmund6.pdf,current,2020-12-22 00:00:00,original,eusmund6,2139,core,"design calculations, design techniques",mund6,2018-02-12 11:47:10,2019-03-21 14:07:55,item,publishednos-old
1177,energy & utility skills,produce detailed drawings to support utility network activities,multi-utility network design,1258;#multi-utility network design,"engineering; construction, planning and the built environment; draughtpersons and building inspectors; design and development engineers; design associate professionals","55;#engineering;#13;#construction, planning and the built environment;#564;#draughtpersons and building inspectors;#1631;#design and development engineers;#323;#design associate professionals",eusmund7.pdf,current,2020-12-01 00:00:00,original,eusmund7,,,"specifications, sketches, approvals, industry standards, codes of practice",mund7,2018-10-05 16:03:42,2018-10-05 16:03:42,item,publishednos
1641,energy & utility skills,produce detailed drawings to support utility network activities,multi-utility network design,1258;#multi-utility network design,"engineering; construction, planning and the built environment; draughtpersons and building inspectors; design and development engineers; design associate professionals","55;#engineering;#13;#construction, planning and the built environment;#564;#draughtpersons and building inspectors;#1631;#design and development engineers;#323;#design associate professionals",eusmund7.pdf,current,2020-12-01 00:00:00,original,eusmund7,2139,core,"specifications, sketches, approvals, industry standards, codes of practice",mund7,2018-02-12 11:47:15,2019-03-21 14:10:07,item,publishednos-old
1180,energy & utility skills,use technical information to review utility network detailed drawings,multi-utility network design,1258;#multi-utility network design,"engineering; construction, planning and the built environment; draughtpersons and building inspectors; design associate professionals","55;#engineering;#13;#construction, planning and the built environment;#564;#draughtpersons and building inspectors;#323;#design associate professionals",eusmund8.pdf,current,2020-12-22 00:00:00,original,eusmund8,,,"specifications, format, conventions",mund8,2018-10-05 16:03:38,2018-10-05 16:03:39,item,publishednos
1644,energy & utility skills,use technical information to review utility network detailed drawings,multi-utility network design,1258;#multi-utility network design,"engineering; construction, planning and the built environment; draughtpersons and building inspectors; design associate professionals","55;#engineering;#13;#construction, planning and the built environment;#564;#draughtpersons and building inspectors;#323;#design associate professionals",eusmund8.pdf,current,2020-12-22 00:00:00,original,eusmund8,2139,core,"specifications, format, conventions",mund8,2018-02-12 11:47:02,2019-03-21 14:10:54,item,publishednos-old
1207,lantra,plan and manage a land-based project or event,environmental conservation; treework; game and wildlife management,1065;#environmental conservation;#414;#treework;#423;#game and wildlife management,estate worker; ranger; access officer; manager of volunteers; education and interpretation officer; conservation officer; ecologist; arboriculture and forestry; coppicing; estate manager,1056;#estate worker;#1057;#ranger;#1058;#access officer;#1059;#manager of volunteers;#1060;#education and interpretation officer;#1061;#conservation officer;#1062;#ecologist;#1063;#arboriculture and forestry;#1064;#coppicing;#347;#estate manager,lancs45.pdf,current,2023-01-31 00:00:00,original,lancs45,,,environmental conservation; treework; game and wildlife management,lancs45,2018-07-30 08:07:23,2018-08-03 14:54:08,item,publishednos
1224,lantra,plan and manage a land-based project or event,environmental conservation; treework; game and wildlife management,1065;#environmental conservation;#414;#treework;#423;#game and wildlife management,estate worker; ranger; access officer; manager of volunteers; education and interpretation officer; conservation officer; ecologist; arboriculture and forestry; coppicing; estate manager,1056;#estate worker;#1057;#ranger;#1058;#access officer;#1059;#manager of volunteers;#1060;#education and interpretation officer;#1061;#conservation officer;#1062;#ecologist;#1063;#arboriculture and forestry;#1064;#coppicing;#347;#estate manager,lancs45.pdf,current,2023-01-31 00:00:00,original,lancs45,1213,,environmental conservation; treework; game and wildlife management,lancs45,2018-06-21 16:10:20,2018-10-12 15:05:35,item,publishednos-old
1219,lantra,establish a game shooting programme,game and wildlife management,423;#game and wildlife management,estate manager; game and wildlife manager,347;#estate manager;#346;#game and wildlife manager,langwm1.pdf,current,2023-01-31 00:00:00,original,langwm1,,,game; wildlife; shooting; estate,langwm1,2018-07-30 08:07:06,2018-08-03 14:54:07,item,publishednos
1226,lantra,establish a game shooting programme,game and wildlife management,423;#game and wildlife management,estate manager; game and wildlife manager,347;#estate manager;#346;#game and wildlife manager,langwm1.pdf,current,2023-01-31 00:00:00,original,langwm1,5119,,game; wildlife; shooting; estate,langwm1,2018-06-21 16:10:03,2018-10-18 11:35:46,item,publishednos-old
1218,lantra,manage the implementation of shoot day activities,game and wildlife management,423;#game and wildlife management,estate manager; game and wildlife manager,347;#estate manager;#346;#game and wildlife manager,langwm2.pdf,current,2023-01-31 00:00:00,original,langwm2,,,game; wildlife; shooting; estate; guns,langwm2,2018-07-30 08:07:11,2018-08-03 14:54:08,item,publishednos
1225,lantra,manage the implementation of shoot day activities,game and wildlife management,423;#game and wildlife management,estate manager; game and wildlife manager,347;#estate manager;#346;#game and wildlife manager,langwm2.pdf,current,2023-01-31 00:00:00,original,langwm2,5119,,game; wildlife; shooting; estate; guns,langwm2,2018-06-21 16:10:07,2018-10-18 11:36:54,item,publishednos-old